change_id,system,change_type,change_size,requester_team,requested_window,rollback_plan_exists,rollback_plan_tested,similar_past_changes_count,similar_past_changes_failure_rate,system_incidents_last_90_days,schedule_conflict,description,outcome,true_risk_probability,risk_level
CHG-3000,Payments-Service,Infrastructure-Change,Small,Security,Business-Hours-Weekday,Yes,No,51,0.16,1,No,Infrastructure-Change on Payments-Service (small change) requested by Security during business hours weekday.,Success,0.193,Medium
CHG-3001,Inventory-API,Deployment,Medium,SRE,Business-Hours-Weekday,Yes,No,3,0.092,0,No,Deployment on Inventory-API (medium change) requested by SRE during business hours weekday.,Success,0.126,Low
CHG-3002,Search-Service,Infrastructure-Change,Medium,Security,Weekend,Yes,Yes,58,0.33,1,No,Infrastructure-Change on Search-Service (medium change) requested by Security during weekend.,Success,0.059,Low
CHG-3003,Notification-Service,Infrastructure-Change,Medium,SRE,Off-Hours-Weekday,Yes,Yes,23,0.203,2,No,Infrastructure-Change on Notification-Service (medium change) requested by SRE during off hours weekday.,Success,0.149,Low
CHG-3004,Inventory-API,Infrastructure-Change,Medium,SRE,Business-Hours-Weekday,Yes,Yes,33,0.243,0,No,Infrastructure-Change on Inventory-API (medium change) requested by SRE during business hours weekday.,Success,0.087,Low
CHG-3005,Notification-Service,Config-Update,Small,SRE,Business-Hours-Weekday,Yes,No,17,0.19,0,Yes,Config-Update on Notification-Service (small change) requested by SRE during business hours weekday.,Success,0.133,Low
CHG-3006,Search-Service,Config-Update,Medium,SRE,Business-Hours-Weekday,Yes,Yes,9,0.181,0,No,Config-Update on Search-Service (medium change) requested by SRE during business hours weekday.,Success,0.068,Low
CHG-3007,Inventory-API,Deployment,Large,Platform,Business-Hours-Weekday,Yes,Yes,46,0.054,0,No,Deployment on Inventory-API (large change) requested by Platform during business hours weekday.,Success,0.051,Low
CHG-3008,Payments-Service,Infrastructure-Change,Medium,Data-Engineering,Business-Hours-Weekday,Yes,No,25,0.06,0,Yes,Infrastructure-Change on Payments-Service (medium change) requested by Data-Engineering during business hours weekday.,Failed,0.401,High
CHG-3009,Billing-DB,Database-Schema-Change,Medium,Security,Business-Hours-Weekday,Yes,No,20,0.051,2,No,Database-Schema-Change on Billing-DB (medium change) requested by Security during business hours weekday.,Failed,0.396,Medium
CHG-3010,Notification-Service,Patch,Small,Security,Peak-Hours,Yes,Yes,49,0.031,1,No,Patch on Notification-Service (small change) requested by Security during peak hours.,Success,0.039,Low
CHG-3011,Auth-Service,Security-Patch,Small,Platform,Business-Hours-Weekday,Yes,No,49,0.188,0,Yes,Security-Patch on Auth-Service (small change) requested by Platform during business hours weekday.,Success,0.14,Low
CHG-3012,Auth-Service,Database-Schema-Change,Medium,SRE,Peak-Hours,Yes,Yes,53,0.127,1,No,Database-Schema-Change on Auth-Service (medium change) requested by SRE during peak hours.,Success,0.166,Medium
CHG-3013,Payments-Service,Infrastructure-Change,Small,Backend,Business-Hours-Weekday,No,,10,0.263,1,Yes,Infrastructure-Change on Payments-Service (small change) requested by Backend during business hours weekday.,Failed,0.756,High
CHG-3014,Reporting-DB,Config-Update,Medium,SRE,Business-Hours-Weekday,Yes,No,41,0.244,2,No,Config-Update on Reporting-DB (medium change) requested by SRE during business hours weekday.,Success,0.213,Medium
CHG-3015,Website-Frontend,Deployment,Large,Security,Business-Hours-Weekday,Yes,Yes,1,0.083,2,No,Deployment on Website-Frontend (large change) requested by Security during business hours weekday.,Failed,0.278,Medium
CHG-3016,Billing-DB,Infrastructure-Change,Small,Security,Business-Hours-Weekday,No,,31,0.473,2,Yes,Infrastructure-Change on Billing-DB (small change) requested by Security during business hours weekday.,Success,0.781,High
CHG-3017,Reporting-DB,Config-Update,Medium,Security,Business-Hours-Weekday,Yes,Yes,8,0.252,0,Yes,Config-Update on Reporting-DB (medium change) requested by Security during business hours weekday.,Success,0.185,Medium
CHG-3018,Notification-Service,Config-Update,Medium,Data-Engineering,Weekend,Yes,Yes,40,0.135,0,Yes,Config-Update on Notification-Service (medium change) requested by Data-Engineering during weekend.,Success,0.067,Low
CHG-3019,Billing-DB,Config-Update,Small,SRE,Off-Hours-Weekday,No,,31,0.281,4,No,Config-Update on Billing-DB (small change) requested by SRE during off hours weekday.,Success,0.322,Medium
CHG-3020,Billing-DB,Security-Patch,Large,SRE,Weekend,Yes,Yes,27,0.103,0,No,Security-Patch on Billing-DB (large change) requested by SRE during weekend.,Success,0.038,Low
CHG-3021,Auth-Service,Infrastructure-Change,Small,Backend,Peak-Hours,Yes,Yes,56,0.172,1,No,Infrastructure-Change on Auth-Service (small change) requested by Backend during peak hours.,Success,0.183,Medium
CHG-3022,Website-Frontend,Infrastructure-Change,Large,SRE,Business-Hours-Weekday,Yes,No,7,0.228,3,No,Infrastructure-Change on Website-Frontend (large change) requested by SRE during business hours weekday.,Caused-Incident,0.7,High
CHG-3023,Website-Frontend,Security-Patch,Small,DevOps,Business-Hours-Weekday,Yes,Yes,33,0.101,1,Yes,Security-Patch on Website-Frontend (small change) requested by DevOps during business hours weekday.,Success,0.255,Medium
CHG-3024,Search-Service,Patch,Medium,Platform,Weekend,No,,40,0.216,0,Yes,Patch on Search-Service (medium change) requested by Platform during weekend.,Success,0.207,Medium
CHG-3025,Search-Service,Patch,Medium,Platform,Peak-Hours,No,,33,0.173,1,No,Patch on Search-Service (medium change) requested by Platform during peak hours.,Failed,0.279,Medium
CHG-3026,Payments-Service,Infrastructure-Change,Small,DevOps,Business-Hours-Weekday,Yes,Yes,27,0.068,0,No,Infrastructure-Change on Payments-Service (small change) requested by DevOps during business hours weekday.,Success,0.061,Low
CHG-3027,Notification-Service,Database-Schema-Change,Small,Data-Engineering,Business-Hours-Weekday,Yes,Yes,59,0.206,1,No,Database-Schema-Change on Notification-Service (small change) requested by Data-Engineering during business hours weekday.,Caused-Incident,0.158,Medium
CHG-3028,Auth-Service,Config-Update,Medium,SRE,Off-Hours-Weekday,No,,48,0.096,2,Yes,Config-Update on Auth-Service (medium change) requested by SRE during off hours weekday.,Success,0.326,Medium
CHG-3029,Payments-Service,Database-Schema-Change,Small,Backend,Off-Hours-Weekday,Yes,No,44,0.315,0,No,Database-Schema-Change on Payments-Service (small change) requested by Backend during off hours weekday.,Success,0.074,Low
CHG-3030,Billing-DB,Config-Update,Small,Security,Weekend,No,,58,0.117,0,No,Config-Update on Billing-DB (small change) requested by Security during weekend.,Success,0.03,Low
CHG-3031,Inventory-API,Database-Schema-Change,Small,Security,Weekend,Yes,Yes,30,0.116,2,No,Database-Schema-Change on Inventory-API (small change) requested by Security during weekend.,Success,0.069,Low
CHG-3032,Website-Frontend,Deployment,Small,Platform,Weekend,Yes,Yes,25,0.197,0,No,Deployment on Website-Frontend (small change) requested by Platform during weekend.,Success,0.033,Low
CHG-3033,Website-Frontend,Security-Patch,Small,SRE,Business-Hours-Weekday,No,,30,0.217,0,No,Security-Patch on Website-Frontend (small change) requested by SRE during business hours weekday.,Success,0.182,Medium
CHG-3034,Notification-Service,Config-Update,Small,Data-Engineering,Off-Hours-Weekday,Yes,No,20,0.182,0,No,Config-Update on Notification-Service (small change) requested by Data-Engineering during off hours weekday.,Success,0.021,Low
CHG-3035,Website-Frontend,Database-Schema-Change,Large,Security,Weekend,Yes,No,46,0.122,1,Yes,Database-Schema-Change on Website-Frontend (large change) requested by Security during weekend.,Success,0.462,High
CHG-3036,Reporting-DB,Security-Patch,Medium,Backend,Off-Hours-Weekday,Yes,Yes,59,0.293,0,Yes,Security-Patch on Reporting-DB (medium change) requested by Backend during off hours weekday.,Success,0.092,Low
CHG-3037,Search-Service,Deployment,Small,Platform,Business-Hours-Weekday,Yes,Yes,29,0.028,2,No,Deployment on Search-Service (small change) requested by Platform during business hours weekday.,Success,0.101,Low
CHG-3038,Reporting-DB,Database-Schema-Change,Medium,Data-Engineering,Peak-Hours,Yes,No,46,0.122,1,No,Database-Schema-Change on Reporting-DB (medium change) requested by Data-Engineering during peak hours.,Success,0.372,Medium
CHG-3039,Inventory-API,Deployment,Small,Platform,Off-Hours-Weekday,No,,11,0.299,0,No,Deployment on Inventory-API (small change) requested by Platform during off hours weekday.,Success,0.126,Low
CHG-3040,Notification-Service,Security-Patch,Medium,SRE,Peak-Hours,Yes,No,45,0.098,1,No,Security-Patch on Notification-Service (medium change) requested by SRE during peak hours.,Success,0.268,Medium
CHG-3041,Auth-Service,Deployment,Medium,SRE,Weekend,Yes,Yes,44,0.087,2,Yes,Deployment on Auth-Service (medium change) requested by SRE during weekend.,Success,0.109,Low
CHG-3042,Billing-DB,Database-Schema-Change,Medium,Platform,Weekend,Yes,Yes,2,0.152,2,Yes,Database-Schema-Change on Billing-DB (medium change) requested by Platform during weekend.,Caused-Incident,0.549,High
CHG-3043,Reporting-DB,Security-Patch,Medium,Data-Engineering,Weekend,No,,1,0.5,1,No,Security-Patch on Reporting-DB (medium change) requested by Data-Engineering during weekend.,Failed,0.353,Medium
CHG-3044,Notification-Service,Deployment,Small,Backend,Business-Hours-Weekday,No,,20,0.408,3,No,Deployment on Notification-Service (small change) requested by Backend during business hours weekday.,Caused-Incident,0.58,High
CHG-3045,Payments-Service,Patch,Small,Security,Off-Hours-Weekday,Yes,No,12,0.416,1,No,Patch on Payments-Service (small change) requested by Security during off hours weekday.,Success,0.088,Low
CHG-3046,Reporting-DB,Database-Schema-Change,Medium,SRE,Business-Hours-Weekday,Yes,Yes,44,0.043,0,No,Database-Schema-Change on Reporting-DB (medium change) requested by SRE during business hours weekday.,Success,0.097,Low
CHG-3047,Search-Service,Patch,Medium,SRE,Business-Hours-Weekday,No,,59,0.118,0,No,Patch on Search-Service (medium change) requested by SRE during business hours weekday.,Success,0.073,Low
CHG-3048,Reporting-DB,Patch,Small,SRE,Off-Hours-Weekday,Yes,Yes,57,0.072,0,Yes,Patch on Reporting-DB (small change) requested by SRE during off hours weekday.,Success,0.031,Low
CHG-3049,Reporting-DB,Infrastructure-Change,Small,SRE,Weekend,Yes,Yes,18,0.222,1,No,Infrastructure-Change on Reporting-DB (small change) requested by SRE during weekend.,Success,0.067,Low
CHG-3050,Website-Frontend,Deployment,Small,Data-Engineering,Weekend,Yes,Yes,14,0.239,1,Yes,Deployment on Website-Frontend (small change) requested by Data-Engineering during weekend.,Failed,0.133,Low
CHG-3051,Payments-Service,Config-Update,Small,Backend,Off-Hours-Weekday,Yes,Yes,1,0.428,2,No,Config-Update on Payments-Service (small change) requested by Backend during off hours weekday.,Success,0.108,Low
CHG-3052,Auth-Service,Database-Schema-Change,Medium,SRE,Peak-Hours,Yes,No,36,0.214,1,Yes,Database-Schema-Change on Auth-Service (medium change) requested by SRE during peak hours.,Caused-Incident,0.732,High
CHG-3053,Search-Service,Config-Update,Medium,SRE,Business-Hours-Weekday,Yes,No,42,0.284,0,No,Config-Update on Search-Service (medium change) requested by SRE during business hours weekday.,Caused-Incident,0.061,Low
CHG-3054,Website-Frontend,Database-Schema-Change,Medium,Security,Peak-Hours,No,,7,0.134,1,No,Database-Schema-Change on Website-Frontend (medium change) requested by Security during peak hours.,Success,0.475,High
CHG-3055,Auth-Service,Deployment,Large,SRE,Business-Hours-Weekday,Yes,Yes,15,0.14,2,Yes,Deployment on Auth-Service (large change) requested by SRE during business hours weekday.,Failed,0.469,High
CHG-3056,Reporting-DB,Config-Update,Large,Data-Engineering,Business-Hours-Weekday,Yes,No,23,0.147,2,No,Config-Update on Reporting-DB (large change) requested by Data-Engineering during business hours weekday.,Success,0.338,Medium
CHG-3057,Website-Frontend,Infrastructure-Change,Medium,Security,Peak-Hours,No,,6,0.049,0,No,Infrastructure-Change on Website-Frontend (medium change) requested by Security during peak hours.,Success,0.329,Medium
CHG-3058,Reporting-DB,Database-Schema-Change,Small,Data-Engineering,Business-Hours-Weekday,Yes,Yes,19,0.284,1,Yes,Database-Schema-Change on Reporting-DB (small change) requested by Data-Engineering during business hours weekday.,Success,0.539,High
CHG-3059,Payments-Service,Database-Schema-Change,Small,Platform,Business-Hours-Weekday,No,,5,0.132,1,Yes,Database-Schema-Change on Payments-Service (small change) requested by Platform during business hours weekday.,Failed,0.611,High
CHG-3060,Search-Service,Patch,Small,Platform,Off-Hours-Weekday,No,,15,0.112,1,Yes,Patch on Search-Service (small change) requested by Platform during off hours weekday.,Success,0.296,Medium
CHG-3061,Inventory-API,Config-Update,Medium,Backend,Business-Hours-Weekday,Yes,Yes,37,0.144,0,No,Config-Update on Inventory-API (medium change) requested by Backend during business hours weekday.,Success,0.042,Low
CHG-3062,Payments-Service,Infrastructure-Change,Small,Data-Engineering,Off-Hours-Weekday,No,,56,0.07,1,Yes,Infrastructure-Change on Payments-Service (small change) requested by Data-Engineering during off hours weekday.,Success,0.284,Medium
CHG-3063,Website-Frontend,Database-Schema-Change,Small,Data-Engineering,Off-Hours-Weekday,Yes,Yes,31,0.089,1,No,Database-Schema-Change on Website-Frontend (small change) requested by Data-Engineering during off hours weekday.,Success,0.069,Low
CHG-3064,Billing-DB,Config-Update,Large,DevOps,Peak-Hours,Yes,Yes,28,0.043,1,No,Config-Update on Billing-DB (large change) requested by DevOps during peak hours.,Success,0.171,Medium
CHG-3065,Website-Frontend,Security-Patch,Small,SRE,Business-Hours-Weekday,Yes,Yes,59,0.264,0,No,Security-Patch on Website-Frontend (small change) requested by SRE during business hours weekday.,Success,0.094,Low
CHG-3066,Search-Service,Infrastructure-Change,Small,Platform,Weekend,Yes,Yes,55,0.057,0,Yes,Infrastructure-Change on Search-Service (small change) requested by Platform during weekend.,Success,0.048,Low
CHG-3067,Auth-Service,Database-Schema-Change,Small,Security,Weekend,Yes,Yes,43,0.29,2,No,Database-Schema-Change on Auth-Service (small change) requested by Security during weekend.,Success,0.162,Medium
CHG-3068,Billing-DB,Database-Schema-Change,Medium,Backend,Weekend,No,,39,0.359,1,No,Database-Schema-Change on Billing-DB (medium change) requested by Backend during weekend.,Success,0.396,Medium
CHG-3069,Inventory-API,Patch,Small,Security,Off-Hours-Weekday,Yes,No,26,0.101,0,No,Patch on Inventory-API (small change) requested by Security during off hours weekday.,Success,0.018,Low
CHG-3070,Reporting-DB,Infrastructure-Change,Small,SRE,Off-Hours-Weekday,Yes,No,16,0.153,2,No,Infrastructure-Change on Reporting-DB (small change) requested by SRE during off hours weekday.,Success,0.23,Medium
CHG-3071,Website-Frontend,Patch,Medium,Data-Engineering,Weekend,No,,1,0.21,0,No,Patch on Website-Frontend (medium change) requested by Data-Engineering during weekend.,Success,0.116,Low
CHG-3072,Notification-Service,Patch,Small,Security,Peak-Hours,No,,54,0.203,1,Yes,Patch on Notification-Service (small change) requested by Security during peak hours.,Failed,0.444,High
CHG-3073,Inventory-API,Security-Patch,Small,Platform,Business-Hours-Weekday,No,,13,0.126,1,No,Security-Patch on Inventory-API (small change) requested by Platform during business hours weekday.,Success,0.167,Medium
CHG-3074,Inventory-API,Database-Schema-Change,Small,SRE,Weekend,Yes,No,9,0.318,0,No,Database-Schema-Change on Inventory-API (small change) requested by SRE during weekend.,Success,0.139,Low
CHG-3075,Search-Service,Infrastructure-Change,Small,DevOps,Business-Hours-Weekday,Yes,No,25,0.12,2,No,Infrastructure-Change on Search-Service (small change) requested by DevOps during business hours weekday.,Failed,0.296,Medium
CHG-3076,Notification-Service,Patch,Medium,Backend,Business-Hours-Weekday,Yes,Yes,49,0.404,0,No,Patch on Notification-Service (medium change) requested by Backend during business hours weekday.,Success,0.117,Low
CHG-3077,Billing-DB,Security-Patch,Small,Data-Engineering,Off-Hours-Weekday,Yes,No,3,0.081,0,No,Security-Patch on Billing-DB (small change) requested by Data-Engineering during off hours weekday.,Success,0.037,Low
CHG-3078,Inventory-API,Infrastructure-Change,Small,Security,Business-Hours-Weekday,Yes,No,23,0.088,0,Yes,Infrastructure-Change on Inventory-API (small change) requested by Security during business hours weekday.,Caused-Incident,0.265,Medium
CHG-3079,Billing-DB,Deployment,Small,DevOps,Weekend,No,,49,0.146,3,Yes,Deployment on Billing-DB (small change) requested by DevOps during weekend.,Failed,0.333,Medium
CHG-3080,Payments-Service,Security-Patch,Medium,Security,Business-Hours-Weekday,Yes,Yes,49,0.059,2,No,Security-Patch on Payments-Service (medium change) requested by Security during business hours weekday.,Success,0.114,Low
CHG-3081,Auth-Service,Deployment,Medium,Data-Engineering,Off-Hours-Weekday,Yes,Yes,40,0.099,1,No,Deployment on Auth-Service (medium change) requested by Data-Engineering during off hours weekday.,Success,0.048,Low
CHG-3082,Inventory-API,Security-Patch,Small,Platform,Off-Hours-Weekday,Yes,Yes,40,0.106,0,No,Security-Patch on Inventory-API (small change) requested by Platform during off hours weekday.,Success,0.015,Low
CHG-3083,Billing-DB,Deployment,Medium,Security,Peak-Hours,No,,12,0.01,0,No,Deployment on Billing-DB (medium change) requested by Security during peak hours.,Success,0.191,Medium
CHG-3084,Search-Service,Security-Patch,Large,Security,Weekend,Yes,No,2,0.237,1,No,Security-Patch on Search-Service (large change) requested by Security during weekend.,Success,0.207,Medium
CHG-3085,Notification-Service,Security-Patch,Small,Data-Engineering,Off-Hours-Weekday,Yes,No,19,0.077,3,No,Security-Patch on Notification-Service (small change) requested by Data-Engineering during off hours weekday.,Success,0.195,Medium
CHG-3086,Inventory-API,Patch,Medium,Security,Weekend,Yes,Yes,33,0.279,0,No,Patch on Inventory-API (medium change) requested by Security during weekend.,Success,0.03,Low
CHG-3087,Website-Frontend,Infrastructure-Change,Large,Platform,Business-Hours-Weekday,Yes,No,35,0.135,0,No,Infrastructure-Change on Website-Frontend (large change) requested by Platform during business hours weekday.,Failed,0.227,Medium
CHG-3088,Auth-Service,Database-Schema-Change,Medium,Platform,Off-Hours-Weekday,No,,27,0.027,0,Yes,Database-Schema-Change on Auth-Service (medium change) requested by Platform during off hours weekday.,Success,0.291,Medium
CHG-3089,Auth-Service,Security-Patch,Large,DevOps,Peak-Hours,Yes,Yes,57,0.319,1,No,Security-Patch on Auth-Service (large change) requested by DevOps during peak hours.,Success,0.225,Medium
CHG-3090,Reporting-DB,Patch,Small,DevOps,Business-Hours-Weekday,No,,7,0.119,1,No,Patch on Reporting-DB (small change) requested by DevOps during business hours weekday.,Success,0.149,Low
CHG-3091,Payments-Service,Patch,Medium,DevOps,Weekend,Yes,Yes,2,0.235,2,No,Patch on Payments-Service (medium change) requested by DevOps during weekend.,Success,0.116,Low
CHG-3092,Reporting-DB,Database-Schema-Change,Medium,Security,Weekend,Yes,Yes,25,0.058,0,No,Database-Schema-Change on Reporting-DB (medium change) requested by Security during weekend.,Success,0.046,Low
CHG-3093,Notification-Service,Database-Schema-Change,Small,Platform,Business-Hours-Weekday,Yes,Yes,3,0.109,0,No,Database-Schema-Change on Notification-Service (small change) requested by Platform during business hours weekday.,Success,0.163,Medium
CHG-3094,Website-Frontend,Deployment,Large,Platform,Peak-Hours,Yes,No,5,0.352,2,No,Deployment on Website-Frontend (large change) requested by Platform during peak hours.,Failed,0.769,High
CHG-3095,Inventory-API,Patch,Small,Platform,Weekend,Yes,Yes,21,0.217,0,Yes,Patch on Inventory-API (small change) requested by Platform during weekend.,Success,0.037,Low
CHG-3096,Notification-Service,Deployment,Medium,Data-Engineering,Peak-Hours,Yes,Yes,56,0.151,2,Yes,Deployment on Notification-Service (medium change) requested by Data-Engineering during peak hours.,Success,0.357,Medium
CHG-3097,Search-Service,Database-Schema-Change,Large,DevOps,Off-Hours-Weekday,Yes,Yes,20,0.266,0,No,Database-Schema-Change on Search-Service (large change) requested by DevOps during off hours weekday.,Success,0.188,Medium
CHG-3098,Auth-Service,Patch,Small,Backend,Off-Hours-Weekday,No,,43,0.119,1,No,Patch on Auth-Service (small change) requested by Backend during off hours weekday.,Success,0.045,Low
CHG-3099,Reporting-DB,Patch,Small,Backend,Off-Hours-Weekday,Yes,Yes,35,0.439,0,No,Patch on Reporting-DB (small change) requested by Backend during off hours weekday.,Success,0.043,Low
CHG-3100,Reporting-DB,Patch,Medium,Platform,Business-Hours-Weekday,Yes,No,51,0.309,2,No,Patch on Reporting-DB (medium change) requested by Platform during business hours weekday.,Success,0.165,Medium
CHG-3101,Billing-DB,Config-Update,Small,Security,Business-Hours-Weekday,No,,37,0.201,0,No,Config-Update on Billing-DB (small change) requested by Security during business hours weekday.,Success,0.101,Low
CHG-3102,Search-Service,Infrastructure-Change,Medium,SRE,Weekend,Yes,Yes,10,0.166,1,No,Infrastructure-Change on Search-Service (medium change) requested by SRE during weekend.,Success,0.099,Low
CHG-3103,Payments-Service,Infrastructure-Change,Small,Security,Off-Hours-Weekday,Yes,Yes,49,0.239,0,Yes,Infrastructure-Change on Payments-Service (small change) requested by Security during off hours weekday.,Success,0.112,Low
CHG-3104,Search-Service,Deployment,Small,SRE,Business-Hours-Weekday,No,,14,0.5,2,Yes,Deployment on Search-Service (small change) requested by SRE during business hours weekday.,Failed,0.796,High
CHG-3105,Inventory-API,Patch,Medium,Backend,Business-Hours-Weekday,Yes,Yes,33,0.287,1,No,Patch on Inventory-API (medium change) requested by Backend during business hours weekday.,Success,0.114,Low
CHG-3106,Search-Service,Database-Schema-Change,Small,SRE,Off-Hours-Weekday,Yes,Yes,33,0.095,1,Yes,Database-Schema-Change on Search-Service (small change) requested by SRE during off hours weekday.,Success,0.233,Medium
CHG-3107,Reporting-DB,Database-Schema-Change,Small,Platform,Business-Hours-Weekday,Yes,Yes,40,0.045,0,No,Database-Schema-Change on Reporting-DB (small change) requested by Platform during business hours weekday.,Success,0.077,Low
CHG-3108,Search-Service,Database-Schema-Change,Small,Backend,Business-Hours-Weekday,No,,0,0.19,0,No,Database-Schema-Change on Search-Service (small change) requested by Backend during business hours weekday.,Success,0.254,Medium
CHG-3109,Auth-Service,Deployment,Small,Data-Engineering,Weekend,No,,24,0.118,2,No,Deployment on Auth-Service (small change) requested by Data-Engineering during weekend.,Success,0.124,Low
CHG-3110,Inventory-API,Patch,Small,Platform,Weekend,Yes,No,11,0.117,0,Yes,Patch on Inventory-API (small change) requested by Platform during weekend.,Success,0.071,Low
CHG-3111,Reporting-DB,Deployment,Medium,Data-Engineering,Off-Hours-Weekday,Yes,No,23,0.217,1,Yes,Deployment on Reporting-DB (medium change) requested by Data-Engineering during off hours weekday.,Failed,0.334,Medium
CHG-3112,Website-Frontend,Infrastructure-Change,Small,DevOps,Peak-Hours,Yes,Yes,46,0.225,1,Yes,Infrastructure-Change on Website-Frontend (small change) requested by DevOps during peak hours.,Success,0.301,Medium
CHG-3113,Search-Service,Security-Patch,Medium,SRE,Business-Hours-Weekday,No,,23,0.315,0,No,Security-Patch on Search-Service (medium change) requested by SRE during business hours weekday.,Success,0.178,Medium
CHG-3114,Notification-Service,Database-Schema-Change,Large,Security,Business-Hours-Weekday,Yes,No,21,0.087,1,No,Database-Schema-Change on Notification-Service (large change) requested by Security during business hours weekday.,Success,0.411,High
CHG-3115,Auth-Service,Patch,Medium,Platform,Business-Hours-Weekday,Yes,Yes,39,0.045,0,No,Patch on Auth-Service (medium change) requested by Platform during business hours weekday.,Success,0.036,Low
CHG-3116,Inventory-API,Database-Schema-Change,Small,Security,Off-Hours-Weekday,No,,44,0.089,0,Yes,Database-Schema-Change on Inventory-API (small change) requested by Security during off hours weekday.,Success,0.261,Medium
CHG-3117,Inventory-API,Infrastructure-Change,Medium,Security,Business-Hours-Weekday,Yes,Yes,44,0.181,0,No,Infrastructure-Change on Inventory-API (medium change) requested by Security during business hours weekday.,Success,0.088,Low
CHG-3118,Auth-Service,Database-Schema-Change,Large,Backend,Off-Hours-Weekday,Yes,Yes,19,0.025,0,No,Database-Schema-Change on Auth-Service (large change) requested by Backend during off hours weekday.,Success,0.081,Low
CHG-3119,Payments-Service,Security-Patch,Large,Platform,Business-Hours-Weekday,Yes,Yes,38,0.257,0,Yes,Security-Patch on Payments-Service (large change) requested by Platform during business hours weekday.,Success,0.416,High
CHG-3120,Search-Service,Deployment,Medium,Data-Engineering,Off-Hours-Weekday,No,,51,0.13,0,No,Deployment on Search-Service (medium change) requested by Data-Engineering during off hours weekday.,Success,0.081,Low
CHG-3121,Billing-DB,Security-Patch,Medium,DevOps,Off-Hours-Weekday,Yes,No,37,0.127,0,Yes,Security-Patch on Billing-DB (medium change) requested by DevOps during off hours weekday.,Success,0.103,Low
CHG-3122,Notification-Service,Deployment,Medium,Security,Business-Hours-Weekday,Yes,Yes,32,0.371,2,No,Deployment on Notification-Service (medium change) requested by Security during business hours weekday.,Success,0.145,Low
CHG-3123,Billing-DB,Patch,Medium,SRE,Weekend,Yes,Yes,57,0.029,1,No,Patch on Billing-DB (medium change) requested by SRE during weekend.,Success,0.016,Low
CHG-3124,Reporting-DB,Deployment,Medium,Platform,Business-Hours-Weekday,Yes,No,19,0.114,0,No,Deployment on Reporting-DB (medium change) requested by Platform during business hours weekday.,Success,0.101,Low
CHG-3125,Search-Service,Security-Patch,Large,DevOps,Business-Hours-Weekday,Yes,No,59,0.195,0,No,Security-Patch on Search-Service (large change) requested by DevOps during business hours weekday.,Success,0.199,Medium
CHG-3126,Reporting-DB,Database-Schema-Change,Medium,SRE,Weekend,Yes,Yes,16,0.167,0,No,Database-Schema-Change on Reporting-DB (medium change) requested by SRE during weekend.,Success,0.078,Low
CHG-3127,Website-Frontend,Database-Schema-Change,Small,DevOps,Business-Hours-Weekday,Yes,Yes,13,0.205,0,Yes,Database-Schema-Change on Website-Frontend (small change) requested by DevOps during business hours weekday.,Failed,0.305,Medium
CHG-3128,Payments-Service,Config-Update,Medium,Platform,Weekend,Yes,No,26,0.186,1,Yes,Config-Update on Payments-Service (medium change) requested by Platform during weekend.,Success,0.128,Low
CHG-3129,Auth-Service,Security-Patch,Large,SRE,Weekend,Yes,Yes,29,0.022,0,No,Security-Patch on Auth-Service (large change) requested by SRE during weekend.,Success,0.034,Low
CHG-3130,Search-Service,Infrastructure-Change,Medium,Platform,Off-Hours-Weekday,Yes,No,42,0.018,1,No,Infrastructure-Change on Search-Service (medium change) requested by Platform during off hours weekday.,Success,0.065,Low
CHG-3131,Website-Frontend,Database-Schema-Change,Small,Platform,Peak-Hours,Yes,No,55,0.132,0,No,Database-Schema-Change on Website-Frontend (small change) requested by Platform during peak hours.,Success,0.24,Medium
CHG-3132,Inventory-API,Patch,Medium,Data-Engineering,Business-Hours-Weekday,Yes,No,9,0.022,2,Yes,Patch on Inventory-API (medium change) requested by Data-Engineering during business hours weekday.,Success,0.276,Medium
CHG-3133,Website-Frontend,Database-Schema-Change,Medium,DevOps,Peak-Hours,Yes,No,12,0.131,2,Yes,Database-Schema-Change on Website-Frontend (medium change) requested by DevOps during peak hours.,Caused-Incident,0.774,High
CHG-3134,Inventory-API,Patch,Medium,DevOps,Weekend,No,,17,0.133,1,No,Patch on Inventory-API (medium change) requested by DevOps during weekend.,Success,0.084,Low
CHG-3135,Billing-DB,Config-Update,Medium,DevOps,Off-Hours-Weekday,Yes,Yes,2,0.25,1,No,Config-Update on Billing-DB (medium change) requested by DevOps during off hours weekday.,Failed,0.039,Low
CHG-3136,Billing-DB,Patch,Small,Backend,Weekend,Yes,Yes,48,0.15,0,No,Patch on Billing-DB (small change) requested by Backend during weekend.,Success,0.015,Low
CHG-3137,Reporting-DB,Security-Patch,Medium,SRE,Business-Hours-Weekday,Yes,No,17,0.455,0,No,Security-Patch on Reporting-DB (medium change) requested by SRE during business hours weekday.,Failed,0.347,Medium
CHG-3138,Payments-Service,Database-Schema-Change,Small,DevOps,Peak-Hours,Yes,Yes,28,0.195,3,No,Database-Schema-Change on Payments-Service (small change) requested by DevOps during peak hours.,Failed,0.414,High
CHG-3139,Inventory-API,Database-Schema-Change,Small,Platform,Peak-Hours,Yes,Yes,31,0.09,0,No,Database-Schema-Change on Inventory-API (small change) requested by Platform during peak hours.,Success,0.15,Low
CHG-3140,Inventory-API,Patch,Medium,Security,Weekend,No,,27,0.211,0,No,Patch on Inventory-API (medium change) requested by Security during weekend.,Success,0.096,Low
CHG-3141,Search-Service,Infrastructure-Change,Small,Platform,Peak-Hours,Yes,No,48,0.316,0,No,Infrastructure-Change on Search-Service (small change) requested by Platform during peak hours.,Success,0.225,Medium
CHG-3142,Website-Frontend,Deployment,Small,SRE,Off-Hours-Weekday,Yes,Yes,6,0.097,0,No,Deployment on Website-Frontend (small change) requested by SRE during off hours weekday.,Success,0.031,Low
CHG-3143,Auth-Service,Deployment,Medium,Data-Engineering,Peak-Hours,Yes,Yes,59,0.087,2,No,Deployment on Auth-Service (medium change) requested by Data-Engineering during peak hours.,Success,0.176,Medium
CHG-3144,Inventory-API,Config-Update,Large,Security,Off-Hours-Weekday,Yes,Yes,46,0.083,0,Yes,Config-Update on Inventory-API (large change) requested by Security during off hours weekday.,Success,0.074,Low
CHG-3145,Search-Service,Patch,Small,SRE,Weekend,No,,23,0.128,1,Yes,Patch on Search-Service (small change) requested by SRE during weekend.,Success,0.182,Medium
CHG-3146,Notification-Service,Patch,Medium,Data-Engineering,Business-Hours-Weekday,Yes,No,24,0.142,1,No,Patch on Notification-Service (medium change) requested by Data-Engineering during business hours weekday.,Success,0.184,Medium
CHG-3147,Auth-Service,Database-Schema-Change,Small,Security,Business-Hours-Weekday,Yes,Yes,33,0.241,1,No,Database-Schema-Change on Auth-Service (small change) requested by Security during business hours weekday.,Success,0.214,Medium
CHG-3148,Billing-DB,Deployment,Medium,Security,Weekend,Yes,Yes,43,0.254,0,No,Deployment on Billing-DB (medium change) requested by Security during weekend.,Success,0.025,Low
CHG-3149,Billing-DB,Patch,Medium,Backend,Off-Hours-Weekday,No,,24,0.133,1,No,Patch on Billing-DB (medium change) requested by Backend during off hours weekday.,Success,0.066,Low
CHG-3150,Reporting-DB,Infrastructure-Change,Large,Security,Weekend,Yes,Yes,8,0.289,1,Yes,Infrastructure-Change on Reporting-DB (large change) requested by Security during weekend.,Failed,0.431,High
CHG-3151,Search-Service,Security-Patch,Medium,DevOps,Business-Hours-Weekday,No,,22,0.106,1,No,Security-Patch on Search-Service (medium change) requested by DevOps during business hours weekday.,Failed,0.317,Medium
CHG-3152,Payments-Service,Config-Update,Medium,DevOps,Business-Hours-Weekday,No,,30,0.153,1,No,Config-Update on Payments-Service (medium change) requested by DevOps during business hours weekday.,Success,0.192,Medium
CHG-3153,Notification-Service,Security-Patch,Small,DevOps,Weekend,Yes,Yes,11,0.065,0,No,Security-Patch on Notification-Service (small change) requested by DevOps during weekend.,Success,0.017,Low
CHG-3154,Auth-Service,Deployment,Small,Backend,Business-Hours-Weekday,Yes,Yes,2,0.281,1,No,Deployment on Auth-Service (small change) requested by Backend during business hours weekday.,Success,0.164,Medium
CHG-3155,Billing-DB,Security-Patch,Large,Data-Engineering,Off-Hours-Weekday,Yes,Yes,59,0.168,2,Yes,Security-Patch on Billing-DB (large change) requested by Data-Engineering during off hours weekday.,Failed,0.297,Medium
CHG-3156,Inventory-API,Database-Schema-Change,Small,DevOps,Business-Hours-Weekday,Yes,Yes,11,0.138,2,No,Database-Schema-Change on Inventory-API (small change) requested by DevOps during business hours weekday.,Success,0.201,Medium
CHG-3157,Search-Service,Config-Update,Medium,SRE,Business-Hours-Weekday,Yes,No,17,0.091,1,No,Config-Update on Search-Service (medium change) requested by SRE during business hours weekday.,Success,0.117,Low
CHG-3158,Reporting-DB,Patch,Medium,SRE,Off-Hours-Weekday,No,,59,0.173,1,No,Patch on Reporting-DB (medium change) requested by SRE during off hours weekday.,Success,0.146,Low
CHG-3159,Billing-DB,Patch,Small,Backend,Off-Hours-Weekday,Yes,Yes,18,0.013,1,Yes,Patch on Billing-DB (small change) requested by Backend during off hours weekday.,Success,0.069,Low
CHG-3160,Billing-DB,Infrastructure-Change,Large,Platform,Business-Hours-Weekday,Yes,Yes,2,0.136,1,Yes,Infrastructure-Change on Billing-DB (large change) requested by Platform during business hours weekday.,Failed,0.659,High
CHG-3161,Auth-Service,Infrastructure-Change,Medium,Security,Business-Hours-Weekday,Yes,Yes,53,0.121,2,No,Infrastructure-Change on Auth-Service (medium change) requested by Security during business hours weekday.,Success,0.236,Medium
CHG-3162,Reporting-DB,Security-Patch,Small,SRE,Off-Hours-Weekday,Yes,No,55,0.5,2,No,Security-Patch on Reporting-DB (small change) requested by SRE during off hours weekday.,Success,0.25,Medium
CHG-3163,Inventory-API,Deployment,Medium,Platform,Business-Hours-Weekday,Yes,Yes,57,0.118,1,No,Deployment on Inventory-API (medium change) requested by Platform during business hours weekday.,Success,0.057,Low
CHG-3164,Notification-Service,Security-Patch,Medium,Security,Business-Hours-Weekday,Yes,No,39,0.069,2,No,Security-Patch on Notification-Service (medium change) requested by Security during business hours weekday.,Success,0.118,Low
CHG-3165,Reporting-DB,Infrastructure-Change,Medium,SRE,Weekend,Yes,No,35,0.015,0,Yes,Infrastructure-Change on Reporting-DB (medium change) requested by SRE during weekend.,Success,0.2,Medium
CHG-3166,Inventory-API,Security-Patch,Small,SRE,Weekend,No,,6,0.205,2,Yes,Security-Patch on Inventory-API (small change) requested by SRE during weekend.,Success,0.435,High
CHG-3167,Search-Service,Security-Patch,Medium,Data-Engineering,Business-Hours-Weekday,Yes,Yes,12,0.084,0,No,Security-Patch on Search-Service (medium change) requested by Data-Engineering during business hours weekday.,Success,0.055,Low
CHG-3168,Notification-Service,Security-Patch,Medium,Backend,Off-Hours-Weekday,Yes,Yes,25,0.07,0,Yes,Security-Patch on Notification-Service (medium change) requested by Backend during off hours weekday.,Success,0.118,Low
CHG-3169,Notification-Service,Security-Patch,Large,Security,Peak-Hours,No,,9,0.139,1,No,Security-Patch on Notification-Service (large change) requested by Security during peak hours.,Success,0.465,High
CHG-3170,Billing-DB,Config-Update,Medium,Platform,Weekend,Yes,Yes,30,0.137,0,No,Config-Update on Billing-DB (medium change) requested by Platform during weekend.,Success,0.023,Low
CHG-3171,Payments-Service,Security-Patch,Large,Platform,Business-Hours-Weekday,Yes,Yes,17,0.193,2,No,Security-Patch on Payments-Service (large change) requested by Platform during business hours weekday.,Failed,0.271,Medium
CHG-3172,Payments-Service,Database-Schema-Change,Small,Data-Engineering,Business-Hours-Weekday,No,,33,0.217,0,No,Database-Schema-Change on Payments-Service (small change) requested by Data-Engineering during business hours weekday.,Success,0.267,Medium
CHG-3173,Billing-DB,Config-Update,Small,Security,Weekend,Yes,Yes,0,0.258,1,No,Config-Update on Billing-DB (small change) requested by Security during weekend.,Success,0.034,Low
CHG-3174,Billing-DB,Patch,Large,Data-Engineering,Weekend,Yes,Yes,57,0.156,0,No,Patch on Billing-DB (large change) requested by Data-Engineering during weekend.,Success,0.015,Low
CHG-3175,Reporting-DB,Infrastructure-Change,Medium,Platform,Off-Hours-Weekday,Yes,Yes,46,0.284,1,No,Infrastructure-Change on Reporting-DB (medium change) requested by Platform during off hours weekday.,Success,0.077,Low
CHG-3176,Search-Service,Security-Patch,Small,DevOps,Off-Hours-Weekday,Yes,Yes,17,0.149,1,No,Security-Patch on Search-Service (small change) requested by DevOps during off hours weekday.,Success,0.037,Low
CHG-3177,Notification-Service,Infrastructure-Change,Medium,Platform,Off-Hours-Weekday,No,,51,0.265,2,No,Infrastructure-Change on Notification-Service (medium change) requested by Platform during off hours weekday.,Success,0.254,Medium
CHG-3178,Auth-Service,Patch,Medium,Data-Engineering,Off-Hours-Weekday,No,,6,0.101,2,No,Patch on Auth-Service (medium change) requested by Data-Engineering during off hours weekday.,Success,0.124,Low
CHG-3179,Website-Frontend,Patch,Small,Security,Business-Hours-Weekday,Yes,Yes,28,0.1,1,No,Patch on Website-Frontend (small change) requested by Security during business hours weekday.,Success,0.052,Low
CHG-3180,Billing-DB,Deployment,Medium,Platform,Business-Hours-Weekday,No,,15,0.105,0,No,Deployment on Billing-DB (medium change) requested by Platform during business hours weekday.,Failed,0.146,Low
CHG-3181,Reporting-DB,Database-Schema-Change,Medium,Backend,Weekend,No,,31,0.072,0,No,Database-Schema-Change on Reporting-DB (medium change) requested by Backend during weekend.,Success,0.22,Medium
CHG-3182,Billing-DB,Deployment,Small,DevOps,Off-Hours-Weekday,Yes,No,51,0.183,0,No,Deployment on Billing-DB (small change) requested by DevOps during off hours weekday.,Success,0.029,Low
CHG-3183,Notification-Service,Infrastructure-Change,Small,DevOps,Peak-Hours,Yes,Yes,23,0.247,0,No,Infrastructure-Change on Notification-Service (small change) requested by DevOps during peak hours.,Success,0.241,Medium
CHG-3184,Reporting-DB,Config-Update,Medium,Data-Engineering,Business-Hours-Weekday,Yes,No,10,0.07,0,No,Config-Update on Reporting-DB (medium change) requested by Data-Engineering during business hours weekday.,Success,0.048,Low
CHG-3185,Website-Frontend,Database-Schema-Change,Medium,SRE,Business-Hours-Weekday,Yes,Yes,52,0.15,0,No,Database-Schema-Change on Website-Frontend (medium change) requested by SRE during business hours weekday.,Success,0.114,Low
CHG-3186,Payments-Service,Database-Schema-Change,Large,Platform,Business-Hours-Weekday,No,,9,0.297,1,Yes,Database-Schema-Change on Payments-Service (large change) requested by Platform during business hours weekday.,Failed,0.912,High
CHG-3187,Auth-Service,Patch,Small,Backend,Business-Hours-Weekday,Yes,No,41,0.189,3,No,Patch on Auth-Service (small change) requested by Backend during business hours weekday.,Success,0.179,Medium
CHG-3188,Billing-DB,Database-Schema-Change,Medium,Data-Engineering,Business-Hours-Weekday,Yes,Yes,3,0.202,0,No,Database-Schema-Change on Billing-DB (medium change) requested by Data-Engineering during business hours weekday.,Caused-Incident,0.167,Medium
CHG-3189,Inventory-API,Security-Patch,Small,Backend,Weekend,No,,35,0.144,2,Yes,Security-Patch on Inventory-API (small change) requested by Backend during weekend.,Success,0.266,Medium
CHG-3190,Auth-Service,Deployment,Medium,Data-Engineering,Business-Hours-Weekday,Yes,No,27,0.067,1,No,Deployment on Auth-Service (medium change) requested by Data-Engineering during business hours weekday.,Success,0.183,Medium
CHG-3191,Billing-DB,Security-Patch,Small,Data-Engineering,Business-Hours-Weekday,Yes,Yes,3,0.064,2,No,Security-Patch on Billing-DB (small change) requested by Data-Engineering during business hours weekday.,Success,0.118,Low
CHG-3192,Search-Service,Security-Patch,Small,Data-Engineering,Weekend,Yes,Yes,6,0.065,1,Yes,Security-Patch on Search-Service (small change) requested by Data-Engineering during weekend.,Success,0.088,Low
CHG-3193,Payments-Service,Deployment,Small,Platform,Off-Hours-Weekday,Yes,Yes,31,0.187,0,No,Deployment on Payments-Service (small change) requested by Platform during off hours weekday.,Success,0.019,Low
CHG-3194,Auth-Service,Config-Update,Large,Data-Engineering,Business-Hours-Weekday,No,,37,0.054,1,No,Config-Update on Auth-Service (large change) requested by Data-Engineering during business hours weekday.,Success,0.19,Medium
CHG-3195,Inventory-API,Patch,Medium,Platform,Off-Hours-Weekday,No,,58,0.106,1,Yes,Patch on Inventory-API (medium change) requested by Platform during off hours weekday.,Success,0.249,Medium
CHG-3196,Reporting-DB,Config-Update,Medium,Backend,Off-Hours-Weekday,Yes,No,59,0.061,0,No,Config-Update on Reporting-DB (medium change) requested by Backend during off hours weekday.,Success,0.013,Low
CHG-3197,Reporting-DB,Security-Patch,Large,SRE,Weekend,Yes,Yes,40,0.05,1,No,Security-Patch on Reporting-DB (large change) requested by SRE during weekend.,Success,0.053,Low
CHG-3198,Website-Frontend,Infrastructure-Change,Large,Data-Engineering,Off-Hours-Weekday,No,,52,0.176,0,Yes,Infrastructure-Change on Website-Frontend (large change) requested by Data-Engineering during off hours weekday.,Success,0.325,Medium
CHG-3199,Reporting-DB,Config-Update,Medium,DevOps,Business-Hours-Weekday,Yes,Yes,15,0.051,0,No,Config-Update on Reporting-DB (medium change) requested by DevOps during business hours weekday.,Success,0.038,Low
CHG-3200,Auth-Service,Security-Patch,Medium,Platform,Peak-Hours,Yes,Yes,42,0.254,0,No,Security-Patch on Auth-Service (medium change) requested by Platform during peak hours.,Success,0.132,Low
CHG-3201,Website-Frontend,Infrastructure-Change,Medium,DevOps,Business-Hours-Weekday,Yes,Yes,18,0.093,2,No,Infrastructure-Change on Website-Frontend (medium change) requested by DevOps during business hours weekday.,Success,0.307,Medium
CHG-3202,Search-Service,Security-Patch,Small,Platform,Business-Hours-Weekday,Yes,No,4,0.152,1,No,Security-Patch on Search-Service (small change) requested by Platform during business hours weekday.,Success,0.16,Medium
CHG-3203,Website-Frontend,Patch,Medium,Platform,Off-Hours-Weekday,Yes,No,18,0.045,0,Yes,Patch on Website-Frontend (medium change) requested by Platform during off hours weekday.,Success,0.145,Low
CHG-3204,Search-Service,Security-Patch,Small,Platform,Business-Hours-Weekday,Yes,No,11,0.197,1,No,Security-Patch on Search-Service (small change) requested by Platform during business hours weekday.,Success,0.259,Medium
CHG-3205,Payments-Service,Infrastructure-Change,Medium,SRE,Business-Hours-Weekday,Yes,Yes,29,0.143,1,No,Infrastructure-Change on Payments-Service (medium change) requested by SRE during business hours weekday.,Success,0.124,Low
CHG-3206,Auth-Service,Infrastructure-Change,Small,Platform,Peak-Hours,No,,0,0.392,2,Yes,Infrastructure-Change on Auth-Service (small change) requested by Platform during peak hours.,Failed,0.951,High
CHG-3207,Notification-Service,Infrastructure-Change,Small,SRE,Weekend,Yes,No,12,0.373,0,Yes,Infrastructure-Change on Notification-Service (small change) requested by SRE during weekend.,Failed,0.344,Medium
CHG-3208,Search-Service,Infrastructure-Change,Medium,DevOps,Weekend,Yes,Yes,40,0.202,1,No,Infrastructure-Change on Search-Service (medium change) requested by DevOps during weekend.,Success,0.054,Low
CHG-3209,Notification-Service,Deployment,Small,Data-Engineering,Weekend,Yes,Yes,9,0.317,2,No,Deployment on Notification-Service (small change) requested by Data-Engineering during weekend.,Success,0.091,Low
CHG-3210,Billing-DB,Infrastructure-Change,Medium,Data-Engineering,Off-Hours-Weekday,No,,50,0.131,0,No,Infrastructure-Change on Billing-DB (medium change) requested by Data-Engineering during off hours weekday.,Success,0.101,Low
CHG-3211,Payments-Service,Infrastructure-Change,Large,Platform,Off-Hours-Weekday,Yes,Yes,11,0.341,0,No,Infrastructure-Change on Payments-Service (large change) requested by Platform during off hours weekday.,Success,0.209,Medium
CHG-3212,Payments-Service,Database-Schema-Change,Small,DevOps,Business-Hours-Weekday,Yes,Yes,42,0.114,3,Yes,Database-Schema-Change on Payments-Service (small change) requested by DevOps during business hours weekday.,Caused-Incident,0.608,High
CHG-3213,Payments-Service,Security-Patch,Large,Backend,Weekend,Yes,Yes,15,0.235,0,Yes,Security-Patch on Payments-Service (large change) requested by Backend during weekend.,Success,0.183,Medium
CHG-3214,Inventory-API,Infrastructure-Change,Medium,Backend,Business-Hours-Weekday,Yes,Yes,23,0.185,2,Yes,Infrastructure-Change on Inventory-API (medium change) requested by Backend during business hours weekday.,Success,0.475,High
CHG-3215,Search-Service,Patch,Medium,SRE,Business-Hours-Weekday,Yes,No,47,0.074,0,No,Patch on Search-Service (medium change) requested by SRE during business hours weekday.,Success,0.051,Low
CHG-3216,Auth-Service,Config-Update,Medium,SRE,Off-Hours-Weekday,Yes,Yes,40,0.088,0,Yes,Config-Update on Auth-Service (medium change) requested by SRE during off hours weekday.,Success,0.053,Low
CHG-3217,Auth-Service,Patch,Small,Data-Engineering,Business-Hours-Weekday,No,,53,0.052,2,No,Patch on Auth-Service (small change) requested by Data-Engineering during business hours weekday.,Success,0.171,Medium
CHG-3218,Reporting-DB,Patch,Small,Platform,Off-Hours-Weekday,Yes,Yes,48,0.282,1,Yes,Patch on Reporting-DB (small change) requested by Platform during off hours weekday.,Success,0.084,Low
CHG-3219,Billing-DB,Database-Schema-Change,Small,SRE,Business-Hours-Weekday,Yes,No,57,0.079,0,Yes,Database-Schema-Change on Billing-DB (small change) requested by SRE during business hours weekday.,Failed,0.23,Medium
CHG-3220,Payments-Service,Config-Update,Small,SRE,Business-Hours-Weekday,Yes,Yes,38,0.354,1,No,Config-Update on Payments-Service (small change) requested by SRE during business hours weekday.,Success,0.087,Low
CHG-3221,Notification-Service,Patch,Small,DevOps,Weekend,Yes,No,56,0.078,1,No,Patch on Notification-Service (small change) requested by DevOps during weekend.,Success,0.021,Low
CHG-3222,Notification-Service,Security-Patch,Small,Security,Business-Hours-Weekday,Yes,Yes,3,0.152,3,No,Security-Patch on Notification-Service (small change) requested by Security during business hours weekday.,Success,0.256,Medium
CHG-3223,Payments-Service,Database-Schema-Change,Small,Backend,Off-Hours-Weekday,Yes,Yes,1,0.16,0,No,Database-Schema-Change on Payments-Service (small change) requested by Backend during off hours weekday.,Success,0.093,Low
CHG-3224,Search-Service,Security-Patch,Medium,Backend,Business-Hours-Weekday,No,,47,0.23,0,No,Security-Patch on Search-Service (medium change) requested by Backend during business hours weekday.,Failed,0.139,Low
CHG-3225,Reporting-DB,Patch,Medium,Platform,Weekend,Yes,Yes,40,0.051,1,No,Patch on Reporting-DB (medium change) requested by Platform during weekend.,Success,0.026,Low
CHG-3226,Notification-Service,Database-Schema-Change,Small,Security,Weekend,Yes,No,30,0.224,0,No,Database-Schema-Change on Notification-Service (small change) requested by Security during weekend.,Success,0.082,Low
CHG-3227,Website-Frontend,Patch,Small,SRE,Business-Hours-Weekday,No,,8,0.097,0,No,Patch on Website-Frontend (small change) requested by SRE during business hours weekday.,Success,0.114,Low
CHG-3228,Website-Frontend,Database-Schema-Change,Medium,Security,Peak-Hours,No,,54,0.124,1,No,Database-Schema-Change on Website-Frontend (medium change) requested by Security during peak hours.,Failed,0.426,High
CHG-3229,Inventory-API,Security-Patch,Medium,Backend,Peak-Hours,No,,3,0.037,1,No,Security-Patch on Inventory-API (medium change) requested by Backend during peak hours.,Success,0.379,Medium
CHG-3230,Search-Service,Security-Patch,Medium,SRE,Off-Hours-Weekday,Yes,Yes,59,0.066,0,Yes,Security-Patch on Search-Service (medium change) requested by SRE during off hours weekday.,Success,0.061,Low
CHG-3231,Payments-Service,Database-Schema-Change,Small,DevOps,Business-Hours-Weekday,Yes,No,40,0.039,4,No,Database-Schema-Change on Payments-Service (small change) requested by DevOps during business hours weekday.,Caused-Incident,0.612,High
CHG-3232,Inventory-API,Deployment,Medium,DevOps,Business-Hours-Weekday,Yes,Yes,47,0.04,1,No,Deployment on Inventory-API (medium change) requested by DevOps during business hours weekday.,Success,0.034,Low
CHG-3233,Auth-Service,Database-Schema-Change,Medium,Platform,Business-Hours-Weekday,No,,26,0.032,1,Yes,Database-Schema-Change on Auth-Service (medium change) requested by Platform during business hours weekday.,Caused-Incident,0.449,High
CHG-3234,Website-Frontend,Infrastructure-Change,Medium,Backend,Weekend,No,,45,0.16,2,No,Infrastructure-Change on Website-Frontend (medium change) requested by Backend during weekend.,Success,0.236,Medium
CHG-3235,Website-Frontend,Database-Schema-Change,Medium,DevOps,Peak-Hours,No,,59,0.137,2,Yes,Database-Schema-Change on Website-Frontend (medium change) requested by DevOps during peak hours.,Failed,0.797,High
CHG-3236,Search-Service,Config-Update,Small,Security,Weekend,Yes,Yes,50,0.02,0,No,Config-Update on Search-Service (small change) requested by Security during weekend.,Success,0.007,Low
CHG-3237,Billing-DB,Database-Schema-Change,Medium,Data-Engineering,Off-Hours-Weekday,Yes,Yes,53,0.141,2,No,Database-Schema-Change on Billing-DB (medium change) requested by Data-Engineering during off hours weekday.,Success,0.178,Medium
CHG-3238,Reporting-DB,Patch,Large,Data-Engineering,Business-Hours-Weekday,Yes,Yes,37,0.078,2,No,Patch on Reporting-DB (large change) requested by Data-Engineering during business hours weekday.,Success,0.152,Medium
CHG-3239,Auth-Service,Deployment,Small,Platform,Weekend,No,,19,0.107,1,No,Deployment on Auth-Service (small change) requested by Platform during weekend.,Success,0.098,Low
CHG-3240,Reporting-DB,Patch,Medium,Backend,Off-Hours-Weekday,No,,46,0.099,4,No,Patch on Reporting-DB (medium change) requested by Backend during off hours weekday.,Success,0.266,Medium
CHG-3241,Reporting-DB,Deployment,Large,Backend,Off-Hours-Weekday,Yes,Yes,0,0.431,3,Yes,Deployment on Reporting-DB (large change) requested by Backend during off hours weekday.,Failed,0.754,High
CHG-3242,Auth-Service,Deployment,Medium,DevOps,Business-Hours-Weekday,Yes,No,50,0.224,2,No,Deployment on Auth-Service (medium change) requested by DevOps during business hours weekday.,Success,0.167,Medium
CHG-3243,Payments-Service,Deployment,Medium,Data-Engineering,Off-Hours-Weekday,Yes,No,32,0.075,1,No,Deployment on Payments-Service (medium change) requested by Data-Engineering during off hours weekday.,Success,0.078,Low
CHG-3244,Reporting-DB,Deployment,Small,Backend,Off-Hours-Weekday,Yes,Yes,19,0.248,2,No,Deployment on Reporting-DB (small change) requested by Backend during off hours weekday.,Success,0.162,Medium
CHG-3245,Reporting-DB,Patch,Medium,SRE,Business-Hours-Weekday,Yes,Yes,21,0.068,0,Yes,Patch on Reporting-DB (medium change) requested by SRE during business hours weekday.,Success,0.229,Medium
CHG-3246,Reporting-DB,Patch,Medium,DevOps,Off-Hours-Weekday,Yes,No,11,0.26,0,No,Patch on Reporting-DB (medium change) requested by DevOps during off hours weekday.,Success,0.074,Low
CHG-3247,Billing-DB,Deployment,Small,Security,Weekend,No,,1,0.017,0,No,Deployment on Billing-DB (small change) requested by Security during weekend.,Success,0.054,Low
CHG-3248,Reporting-DB,Infrastructure-Change,Large,Platform,Peak-Hours,No,,45,0.059,2,No,Infrastructure-Change on Reporting-DB (large change) requested by Platform during peak hours.,Failed,0.475,High
CHG-3249,Notification-Service,Infrastructure-Change,Large,Data-Engineering,Business-Hours-Weekday,No,,14,0.143,0,No,Infrastructure-Change on Notification-Service (large change) requested by Data-Engineering during business hours weekday.,Success,0.374,Medium
CHG-3250,Reporting-DB,Infrastructure-Change,Small,Data-Engineering,Off-Hours-Weekday,No,,12,0.163,1,Yes,Infrastructure-Change on Reporting-DB (small change) requested by Data-Engineering during off hours weekday.,Failed,0.439,High
CHG-3251,Auth-Service,Infrastructure-Change,Medium,Security,Off-Hours-Weekday,Yes,No,20,0.294,0,Yes,Infrastructure-Change on Auth-Service (medium change) requested by Security during off hours weekday.,Success,0.283,Medium
CHG-3252,Auth-Service,Patch,Medium,Platform,Peak-Hours,No,,37,0.156,1,No,Patch on Auth-Service (medium change) requested by Platform during peak hours.,Success,0.171,Medium
CHG-3253,Inventory-API,Database-Schema-Change,Large,Security,Business-Hours-Weekday,No,,13,0.069,0,No,Database-Schema-Change on Inventory-API (large change) requested by Security during business hours weekday.,Failed,0.396,Medium
CHG-3254,Payments-Service,Security-Patch,Medium,Security,Weekend,Yes,Yes,46,0.065,0,No,Security-Patch on Payments-Service (medium change) requested by Security during weekend.,Success,0.018,Low
CHG-3255,Billing-DB,Infrastructure-Change,Medium,SRE,Business-Hours-Weekday,Yes,Yes,8,0.214,3,Yes,Infrastructure-Change on Billing-DB (medium change) requested by SRE during business hours weekday.,Caused-Incident,0.793,High
CHG-3256,Auth-Service,Deployment,Large,Data-Engineering,Weekend,Yes,Yes,37,0.039,0,No,Deployment on Auth-Service (large change) requested by Data-Engineering during weekend.,Success,0.026,Low
CHG-3257,Notification-Service,Security-Patch,Medium,DevOps,Peak-Hours,Yes,No,36,0.211,0,No,Security-Patch on Notification-Service (medium change) requested by DevOps during peak hours.,Success,0.179,Medium
CHG-3258,Billing-DB,Deployment,Medium,DevOps,Business-Hours-Weekday,Yes,Yes,26,0.144,0,No,Deployment on Billing-DB (medium change) requested by DevOps during business hours weekday.,Success,0.063,Low
CHG-3259,Search-Service,Patch,Small,SRE,Off-Hours-Weekday,Yes,No,12,0.073,1,No,Patch on Search-Service (small change) requested by SRE during off hours weekday.,Success,0.062,Low
CHG-3260,Billing-DB,Database-Schema-Change,Small,Data-Engineering,Business-Hours-Weekday,No,,59,0.176,2,No,Database-Schema-Change on Billing-DB (small change) requested by Data-Engineering during business hours weekday.,Failed,0.407,High
CHG-3261,Inventory-API,Config-Update,Medium,Backend,Business-Hours-Weekday,Yes,No,42,0.08,1,No,Config-Update on Inventory-API (medium change) requested by Backend during business hours weekday.,Success,0.074,Low
CHG-3262,Auth-Service,Deployment,Medium,SRE,Business-Hours-Weekday,Yes,Yes,32,0.072,1,No,Deployment on Auth-Service (medium change) requested by SRE during business hours weekday.,Success,0.073,Low
CHG-3263,Search-Service,Security-Patch,Medium,Platform,Off-Hours-Weekday,Yes,Yes,30,0.005,0,Yes,Security-Patch on Search-Service (medium change) requested by Platform during off hours weekday.,Success,0.052,Low
CHG-3264,Notification-Service,Deployment,Large,Platform,Off-Hours-Weekday,No,,12,0.158,1,No,Deployment on Notification-Service (large change) requested by Platform during off hours weekday.,Success,0.185,Medium
CHG-3265,Search-Service,Config-Update,Small,Security,Off-Hours-Weekday,Yes,Yes,18,0.047,0,No,Config-Update on Search-Service (small change) requested by Security during off hours weekday.,Failed,0.015,Low
CHG-3266,Search-Service,Deployment,Small,Data-Engineering,Off-Hours-Weekday,Yes,Yes,12,0.135,0,No,Deployment on Search-Service (small change) requested by Data-Engineering during off hours weekday.,Success,0.021,Low
CHG-3267,Auth-Service,Patch,Large,Security,Peak-Hours,Yes,Yes,59,0.23,1,Yes,Patch on Auth-Service (large change) requested by Security during peak hours.,Failed,0.318,Medium
CHG-3268,Inventory-API,Deployment,Medium,Data-Engineering,Weekend,Yes,Yes,11,0.081,0,No,Deployment on Inventory-API (medium change) requested by Data-Engineering during weekend.,Failed,0.033,Low
CHG-3269,Notification-Service,Patch,Small,Platform,Off-Hours-Weekday,Yes,Yes,43,0.174,1,No,Patch on Notification-Service (small change) requested by Platform during off hours weekday.,Success,0.029,Low
CHG-3270,Notification-Service,Security-Patch,Medium,Backend,Weekend,Yes,No,7,0.252,0,No,Security-Patch on Notification-Service (medium change) requested by Backend during weekend.,Success,0.158,Medium
CHG-3271,Search-Service,Deployment,Small,Security,Business-Hours-Weekday,No,,22,0.31,1,No,Deployment on Search-Service (small change) requested by Security during business hours weekday.,Success,0.274,Medium
CHG-3272,Inventory-API,Database-Schema-Change,Medium,Backend,Business-Hours-Weekday,Yes,No,9,0.205,1,No,Database-Schema-Change on Inventory-API (medium change) requested by Backend during business hours weekday.,Failed,0.467,High
CHG-3273,Inventory-API,Security-Patch,Medium,DevOps,Weekend,Yes,Yes,9,0.261,1,Yes,Security-Patch on Inventory-API (medium change) requested by DevOps during weekend.,Success,0.184,Medium
CHG-3274,Search-Service,Infrastructure-Change,Medium,Security,Off-Hours-Weekday,Yes,Yes,11,0.428,2,No,Infrastructure-Change on Search-Service (medium change) requested by Security during off hours weekday.,Success,0.332,Medium
CHG-3275,Payments-Service,Infrastructure-Change,Large,Security,Weekend,No,,31,0.111,2,No,Infrastructure-Change on Payments-Service (large change) requested by Security during weekend.,Success,0.279,Medium
CHG-3276,Website-Frontend,Database-Schema-Change,Small,Security,Off-Hours-Weekday,Yes,Yes,59,0.047,1,No,Database-Schema-Change on Website-Frontend (small change) requested by Security during off hours weekday.,Success,0.044,Low
CHG-3277,Payments-Service,Database-Schema-Change,Medium,Platform,Weekend,Yes,Yes,47,0.157,1,No,Database-Schema-Change on Payments-Service (medium change) requested by Platform during weekend.,Success,0.103,Low
CHG-3278,Search-Service,Security-Patch,Small,Security,Off-Hours-Weekday,Yes,Yes,54,0.207,1,Yes,Security-Patch on Search-Service (small change) requested by Security during off hours weekday.,Success,0.099,Low
CHG-3279,Search-Service,Patch,Large,Platform,Peak-Hours,Yes,No,42,0.08,2,No,Patch on Search-Service (large change) requested by Platform during peak hours.,Success,0.211,Medium
CHG-3280,Reporting-DB,Infrastructure-Change,Small,SRE,Off-Hours-Weekday,Yes,Yes,8,0.021,1,No,Infrastructure-Change on Reporting-DB (small change) requested by SRE during off hours weekday.,Success,0.044,Low
CHG-3281,Search-Service,Deployment,Medium,SRE,Business-Hours-Weekday,Yes,No,6,0.242,1,No,Deployment on Search-Service (medium change) requested by SRE during business hours weekday.,Success,0.307,Medium
CHG-3282,Payments-Service,Deployment,Medium,Security,Peak-Hours,Yes,Yes,4,0.151,2,No,Deployment on Payments-Service (medium change) requested by Security during peak hours.,Success,0.291,Medium
CHG-3283,Search-Service,Config-Update,Medium,Security,Off-Hours-Weekday,Yes,Yes,46,0.196,1,No,Config-Update on Search-Service (medium change) requested by Security during off hours weekday.,Success,0.029,Low
CHG-3284,Website-Frontend,Infrastructure-Change,Small,Platform,Off-Hours-Weekday,Yes,No,8,0.36,0,No,Infrastructure-Change on Website-Frontend (small change) requested by Platform during off hours weekday.,Success,0.139,Low
CHG-3285,Website-Frontend,Infrastructure-Change,Medium,Backend,Weekend,No,,30,0.255,0,Yes,Infrastructure-Change on Website-Frontend (medium change) requested by Backend during weekend.,Success,0.358,Medium
CHG-3286,Reporting-DB,Deployment,Medium,SRE,Weekend,Yes,Yes,0,0.205,2,Yes,Deployment on Reporting-DB (medium change) requested by SRE during weekend.,Success,0.224,Medium
CHG-3287,Website-Frontend,Infrastructure-Change,Small,Platform,Business-Hours-Weekday,Yes,No,26,0.011,0,Yes,Infrastructure-Change on Website-Frontend (small change) requested by Platform during business hours weekday.,Success,0.26,Medium
CHG-3288,Notification-Service,Database-Schema-Change,Medium,DevOps,Business-Hours-Weekday,Yes,No,31,0.111,1,No,Database-Schema-Change on Notification-Service (medium change) requested by DevOps during business hours weekday.,Success,0.311,Medium
CHG-3289,Search-Service,Config-Update,Small,SRE,Off-Hours-Weekday,Yes,No,33,0.206,2,Yes,Config-Update on Search-Service (small change) requested by SRE during off hours weekday.,Success,0.212,Medium
CHG-3290,Website-Frontend,Infrastructure-Change,Small,DevOps,Business-Hours-Weekday,Yes,No,7,0.083,1,Yes,Infrastructure-Change on Website-Frontend (small change) requested by DevOps during business hours weekday.,Failed,0.399,Medium
CHG-3291,Auth-Service,Infrastructure-Change,Large,Data-Engineering,Weekend,Yes,Yes,18,0.083,0,No,Infrastructure-Change on Auth-Service (large change) requested by Data-Engineering during weekend.,Success,0.053,Low
CHG-3292,Search-Service,Patch,Small,SRE,Business-Hours-Weekday,Yes,Yes,7,0.169,0,No,Patch on Search-Service (small change) requested by SRE during business hours weekday.,Success,0.049,Low
CHG-3293,Auth-Service,Patch,Medium,Data-Engineering,Weekend,Yes,No,54,0.089,1,No,Patch on Auth-Service (medium change) requested by Data-Engineering during weekend.,Success,0.05,Low
CHG-3294,Billing-DB,Config-Update,Medium,Backend,Business-Hours-Weekday,Yes,Yes,47,0.307,1,No,Config-Update on Billing-DB (medium change) requested by Backend during business hours weekday.,Success,0.096,Low
CHG-3295,Auth-Service,Config-Update,Small,SRE,Business-Hours-Weekday,Yes,Yes,46,0.165,0,No,Config-Update on Auth-Service (small change) requested by SRE during business hours weekday.,Success,0.028,Low
CHG-3296,Website-Frontend,Config-Update,Small,Platform,Weekend,No,,1,0.132,1,No,Config-Update on Website-Frontend (small change) requested by Platform during weekend.,Failed,0.06,Low
CHG-3297,Billing-DB,Deployment,Large,Backend,Off-Hours-Weekday,Yes,Yes,54,0.093,3,No,Deployment on Billing-DB (large change) requested by Backend during off hours weekday.,Success,0.131,Low
CHG-3298,Billing-DB,Config-Update,Medium,Backend,Weekend,Yes,No,25,0.202,1,No,Config-Update on Billing-DB (medium change) requested by Backend during weekend.,Success,0.055,Low
CHG-3299,Payments-Service,Config-Update,Medium,DevOps,Business-Hours-Weekday,Yes,No,39,0.014,0,No,Config-Update on Payments-Service (medium change) requested by DevOps during business hours weekday.,Success,0.044,Low
CHG-3300,Auth-Service,Config-Update,Small,Backend,Business-Hours-Weekday,No,,32,0.031,1,No,Config-Update on Auth-Service (small change) requested by Backend during business hours weekday.,Failed,0.095,Low
CHG-3301,Notification-Service,Security-Patch,Medium,DevOps,Weekend,Yes,Yes,7,0.162,1,Yes,Security-Patch on Notification-Service (medium change) requested by DevOps during weekend.,Success,0.166,Medium
CHG-3302,Notification-Service,Deployment,Medium,SRE,Off-Hours-Weekday,Yes,No,14,0.251,1,No,Deployment on Notification-Service (medium change) requested by SRE during off hours weekday.,Success,0.138,Low
CHG-3303,Website-Frontend,Security-Patch,Medium,Data-Engineering,Off-Hours-Weekday,Yes,No,30,0.132,2,Yes,Security-Patch on Website-Frontend (medium change) requested by Data-Engineering during off hours weekday.,Success,0.194,Medium
CHG-3304,Auth-Service,Infrastructure-Change,Small,Platform,Business-Hours-Weekday,Yes,No,4,0.158,0,No,Infrastructure-Change on Auth-Service (small change) requested by Platform during business hours weekday.,Failed,0.288,Medium
CHG-3305,Reporting-DB,Infrastructure-Change,Small,Data-Engineering,Business-Hours-Weekday,Yes,Yes,39,0.255,0,No,Infrastructure-Change on Reporting-DB (small change) requested by Data-Engineering during business hours weekday.,Success,0.098,Low
CHG-3306,Reporting-DB,Config-Update,Medium,Data-Engineering,Business-Hours-Weekday,No,,4,0.09,2,No,Config-Update on Reporting-DB (medium change) requested by Data-Engineering during business hours weekday.,Success,0.239,Medium
CHG-3307,Reporting-DB,Infrastructure-Change,Small,Security,Peak-Hours,Yes,Yes,12,0.105,3,No,Infrastructure-Change on Reporting-DB (small change) requested by Security during peak hours.,Failed,0.307,Medium
CHG-3308,Auth-Service,Database-Schema-Change,Small,DevOps,Weekend,Yes,Yes,40,0.162,0,No,Database-Schema-Change on Auth-Service (small change) requested by DevOps during weekend.,Success,0.041,Low
CHG-3309,Website-Frontend,Config-Update,Medium,Platform,Weekend,Yes,Yes,50,0.216,1,No,Config-Update on Website-Frontend (medium change) requested by Platform during weekend.,Success,0.035,Low
CHG-3310,Reporting-DB,Deployment,Small,DevOps,Weekend,Yes,Yes,0,0.044,2,Yes,Deployment on Reporting-DB (small change) requested by DevOps during weekend.,Success,0.071,Low
CHG-3311,Inventory-API,Database-Schema-Change,Small,SRE,Off-Hours-Weekday,Yes,No,34,0.324,1,No,Database-Schema-Change on Inventory-API (small change) requested by SRE during off hours weekday.,Success,0.196,Medium
CHG-3312,Inventory-API,Deployment,Small,SRE,Business-Hours-Weekday,Yes,Yes,16,0.146,2,No,Deployment on Inventory-API (small change) requested by SRE during business hours weekday.,Success,0.153,Medium
CHG-3313,Notification-Service,Infrastructure-Change,Medium,Backend,Business-Hours-Weekday,No,,14,0.11,3,No,Infrastructure-Change on Notification-Service (medium change) requested by Backend during business hours weekday.,Caused-Incident,0.557,High
CHG-3314,Website-Frontend,Patch,Small,DevOps,Business-Hours-Weekday,Yes,No,20,0.083,1,Yes,Patch on Website-Frontend (small change) requested by DevOps during business hours weekday.,Success,0.262,Medium
CHG-3315,Search-Service,Deployment,Medium,Backend,Weekend,No,,4,0.176,1,Yes,Deployment on Search-Service (medium change) requested by Backend during weekend.,Success,0.291,Medium
CHG-3316,Notification-Service,Infrastructure-Change,Small,Security,Business-Hours-Weekday,Yes,Yes,7,0.153,1,No,Infrastructure-Change on Notification-Service (small change) requested by Security during business hours weekday.,Success,0.122,Low
CHG-3317,Auth-Service,Security-Patch,Small,Platform,Peak-Hours,Yes,Yes,28,0.262,2,No,Security-Patch on Auth-Service (small change) requested by Platform during peak hours.,Success,0.272,Medium
CHG-3318,Payments-Service,Security-Patch,Small,Data-Engineering,Business-Hours-Weekday,Yes,Yes,42,0.09,0,Yes,Security-Patch on Payments-Service (small change) requested by Data-Engineering during business hours weekday.,Success,0.119,Low
CHG-3319,Search-Service,Database-Schema-Change,Large,Platform,Peak-Hours,No,,35,0.083,1,Yes,Database-Schema-Change on Search-Service (large change) requested by Platform during peak hours.,Caused-Incident,0.869,High
CHG-3320,Reporting-DB,Deployment,Medium,Backend,Business-Hours-Weekday,Yes,Yes,50,0.134,1,No,Deployment on Reporting-DB (medium change) requested by Backend during business hours weekday.,Success,0.079,Low
CHG-3321,Auth-Service,Infrastructure-Change,Medium,Security,Weekend,Yes,Yes,56,0.169,0,No,Infrastructure-Change on Auth-Service (medium change) requested by Security during weekend.,Success,0.038,Low
CHG-3322,Billing-DB,Patch,Small,SRE,Business-Hours-Weekday,No,,24,0.308,0,No,Patch on Billing-DB (small change) requested by SRE during business hours weekday.,Failed,0.175,Medium
CHG-3323,Notification-Service,Config-Update,Large,Security,Off-Hours-Weekday,Yes,Yes,25,0.069,1,No,Config-Update on Notification-Service (large change) requested by Security during off hours weekday.,Success,0.042,Low
CHG-3324,Notification-Service,Config-Update,Large,Data-Engineering,Business-Hours-Weekday,Yes,Yes,27,0.144,1,No,Config-Update on Notification-Service (large change) requested by Data-Engineering during business hours weekday.,Success,0.068,Low
CHG-3325,Reporting-DB,Security-Patch,Small,Data-Engineering,Business-Hours-Weekday,Yes,Yes,14,0.273,0,Yes,Security-Patch on Reporting-DB (small change) requested by Data-Engineering during business hours weekday.,Success,0.325,Medium
CHG-3326,Billing-DB,Patch,Large,DevOps,Off-Hours-Weekday,Yes,Yes,50,0.004,1,Yes,Patch on Billing-DB (large change) requested by DevOps during off hours weekday.,Success,0.093,Low
CHG-3327,Search-Service,Infrastructure-Change,Medium,Data-Engineering,Off-Hours-Weekday,No,,17,0.035,1,Yes,Infrastructure-Change on Search-Service (medium change) requested by Data-Engineering during off hours weekday.,Failed,0.427,High
CHG-3328,Notification-Service,Deployment,Medium,Security,Business-Hours-Weekday,No,,44,0.097,2,Yes,Deployment on Notification-Service (medium change) requested by Security during business hours weekday.,Failed,0.649,High
CHG-3329,Website-Frontend,Infrastructure-Change,Medium,Data-Engineering,Off-Hours-Weekday,Yes,Yes,47,0.199,2,No,Infrastructure-Change on Website-Frontend (medium change) requested by Data-Engineering during off hours weekday.,Success,0.101,Low
CHG-3330,Notification-Service,Security-Patch,Medium,Data-Engineering,Business-Hours-Weekday,Yes,No,13,0.098,0,No,Security-Patch on Notification-Service (medium change) requested by Data-Engineering during business hours weekday.,Success,0.126,Low
CHG-3331,Payments-Service,Patch,Small,Platform,Off-Hours-Weekday,Yes,Yes,14,0.212,0,No,Patch on Payments-Service (small change) requested by Platform during off hours weekday.,Success,0.017,Low
CHG-3332,Payments-Service,Patch,Small,Backend,Peak-Hours,No,,48,0.028,0,No,Patch on Payments-Service (small change) requested by Backend during peak hours.,Success,0.068,Low
CHG-3333,Billing-DB,Config-Update,Small,Security,Business-Hours-Weekday,Yes,Yes,51,0.048,1,No,Config-Update on Billing-DB (small change) requested by Security during business hours weekday.,Success,0.031,Low
CHG-3334,Reporting-DB,Config-Update,Small,Data-Engineering,Business-Hours-Weekday,Yes,Yes,46,0.39,0,No,Config-Update on Reporting-DB (small change) requested by Data-Engineering during business hours weekday.,Success,0.053,Low
CHG-3335,Inventory-API,Security-Patch,Small,Data-Engineering,Business-Hours-Weekday,No,,55,0.087,0,No,Security-Patch on Inventory-API (small change) requested by Data-Engineering during business hours weekday.,Failed,0.069,Low
CHG-3336,Payments-Service,Config-Update,Medium,Platform,Off-Hours-Weekday,No,,36,0.026,0,No,Config-Update on Payments-Service (medium change) requested by Platform during off hours weekday.,Success,0.038,Low
CHG-3337,Auth-Service,Database-Schema-Change,Small,Backend,Off-Hours-Weekday,No,,49,0.326,1,No,Database-Schema-Change on Auth-Service (small change) requested by Backend during off hours weekday.,Success,0.282,Medium
CHG-3338,Website-Frontend,Config-Update,Small,Backend,Weekend,Yes,No,9,0.091,1,No,Config-Update on Website-Frontend (small change) requested by Backend during weekend.,Success,0.03,Low
CHG-3339,Website-Frontend,Database-Schema-Change,Small,Security,Off-Hours-Weekday,Yes,No,29,0.06,2,No,Database-Schema-Change on Website-Frontend (small change) requested by Security during off hours weekday.,Success,0.127,Low
CHG-3340,Notification-Service,Patch,Medium,SRE,Weekend,No,,20,0.102,2,Yes,Patch on Notification-Service (medium change) requested by SRE during weekend.,Success,0.222,Medium
CHG-3341,Auth-Service,Patch,Small,Backend,Business-Hours-Weekday,No,,17,0.239,0,No,Patch on Auth-Service (small change) requested by Backend during business hours weekday.,Success,0.192,Medium
CHG-3342,Reporting-DB,Config-Update,Medium,Backend,Weekend,Yes,Yes,37,0.293,2,Yes,Config-Update on Reporting-DB (medium change) requested by Backend during weekend.,Success,0.126,Low
CHG-3343,Billing-DB,Database-Schema-Change,Medium,Data-Engineering,Off-Hours-Weekday,Yes,No,3,0.069,0,No,Database-Schema-Change on Billing-DB (medium change) requested by Data-Engineering during off hours weekday.,Success,0.114,Low
CHG-3344,Website-Frontend,Database-Schema-Change,Small,DevOps,Off-Hours-Weekday,Yes,Yes,39,0.227,1,No,Database-Schema-Change on Website-Frontend (small change) requested by DevOps during off hours weekday.,Success,0.074,Low
CHG-3345,Notification-Service,Patch,Medium,Platform,Weekend,Yes,Yes,44,0.065,0,Yes,Patch on Notification-Service (medium change) requested by Platform during weekend.,Success,0.055,Low
CHG-3346,Website-Frontend,Config-Update,Medium,SRE,Business-Hours-Weekday,Yes,Yes,31,0.085,2,No,Config-Update on Website-Frontend (medium change) requested by SRE during business hours weekday.,Success,0.073,Low
CHG-3347,Auth-Service,Infrastructure-Change,Large,DevOps,Weekend,Yes,No,58,0.153,1,Yes,Infrastructure-Change on Auth-Service (large change) requested by DevOps during weekend.,Success,0.279,Medium
CHG-3348,Auth-Service,Config-Update,Small,SRE,Off-Hours-Weekday,No,,27,0.256,0,No,Config-Update on Auth-Service (small change) requested by SRE during off hours weekday.,Success,0.082,Low
CHG-3349,Billing-DB,Security-Patch,Small,Security,Weekend,Yes,Yes,6,0.119,2,No,Security-Patch on Billing-DB (small change) requested by Security during weekend.,Success,0.069,Low
CHG-3350,Inventory-API,Config-Update,Small,Data-Engineering,Off-Hours-Weekday,Yes,Yes,33,0.179,0,Yes,Config-Update on Inventory-API (small change) requested by Data-Engineering during off hours weekday.,Success,0.056,Low
CHG-3351,Search-Service,Config-Update,Small,DevOps,Business-Hours-Weekday,No,,48,0.049,2,No,Config-Update on Search-Service (small change) requested by DevOps during business hours weekday.,Success,0.055,Low
CHG-3352,Search-Service,Deployment,Large,DevOps,Weekend,No,,55,0.096,2,Yes,Deployment on Search-Service (large change) requested by DevOps during weekend.,Success,0.327,Medium
CHG-3353,Billing-DB,Deployment,Large,Platform,Off-Hours-Weekday,Yes,No,22,0.133,2,No,Deployment on Billing-DB (large change) requested by Platform during off hours weekday.,Success,0.183,Medium
CHG-3354,Search-Service,Deployment,Small,SRE,Business-Hours-Weekday,Yes,No,5,0.091,0,Yes,Deployment on Search-Service (small change) requested by SRE during business hours weekday.,Success,0.23,Medium
CHG-3355,Reporting-DB,Deployment,Small,Platform,Weekend,Yes,Yes,38,0.126,2,Yes,Deployment on Reporting-DB (small change) requested by Platform during weekend.,Success,0.127,Low
CHG-3356,Billing-DB,Database-Schema-Change,Small,DevOps,Business-Hours-Weekday,Yes,Yes,20,0.1,2,No,Database-Schema-Change on Billing-DB (small change) requested by DevOps during business hours weekday.,Success,0.201,Medium
CHG-3357,Search-Service,Security-Patch,Small,Security,Business-Hours-Weekday,Yes,No,4,0.254,3,No,Security-Patch on Search-Service (small change) requested by Security during business hours weekday.,Failed,0.592,High
CHG-3358,Payments-Service,Config-Update,Small,Backend,Peak-Hours,No,,54,0.069,0,No,Config-Update on Payments-Service (small change) requested by Backend during peak hours.,Success,0.071,Low
CHG-3359,Payments-Service,Security-Patch,Medium,Platform,Business-Hours-Weekday,Yes,No,15,0.205,0,No,Security-Patch on Payments-Service (medium change) requested by Platform during business hours weekday.,Success,0.17,Medium
CHG-3360,Inventory-API,Patch,Large,Platform,Weekend,No,,33,0.024,0,No,Patch on Inventory-API (large change) requested by Platform during weekend.,Success,0.07,Low
CHG-3361,Billing-DB,Deployment,Small,Backend,Business-Hours-Weekday,Yes,Yes,8,0.148,1,Yes,Deployment on Billing-DB (small change) requested by Backend during business hours weekday.,Success,0.298,Medium
CHG-3362,Billing-DB,Config-Update,Large,Security,Weekend,Yes,Yes,8,0.07,4,No,Config-Update on Billing-DB (large change) requested by Security during weekend.,Success,0.191,Medium
CHG-3363,Billing-DB,Infrastructure-Change,Small,Data-Engineering,Off-Hours-Weekday,No,,49,0.098,2,No,Infrastructure-Change on Billing-DB (small change) requested by Data-Engineering during off hours weekday.,Success,0.109,Low
CHG-3364,Search-Service,Patch,Small,DevOps,Business-Hours-Weekday,Yes,No,34,0.186,0,No,Patch on Search-Service (small change) requested by DevOps during business hours weekday.,Success,0.049,Low
CHG-3365,Notification-Service,Infrastructure-Change,Small,Platform,Business-Hours-Weekday,Yes,Yes,48,0.023,0,No,Infrastructure-Change on Notification-Service (small change) requested by Platform during business hours weekday.,Success,0.04,Low
CHG-3366,Payments-Service,Patch,Medium,Data-Engineering,Off-Hours-Weekday,Yes,Yes,59,0.125,1,No,Patch on Payments-Service (medium change) requested by Data-Engineering during off hours weekday.,Success,0.048,Low
CHG-3367,Inventory-API,Database-Schema-Change,Small,SRE,Weekend,Yes,Yes,57,0.072,1,Yes,Database-Schema-Change on Inventory-API (small change) requested by SRE during weekend.,Success,0.109,Low
CHG-3368,Auth-Service,Security-Patch,Small,Data-Engineering,Weekend,Yes,Yes,32,0.068,1,Yes,Security-Patch on Auth-Service (small change) requested by Data-Engineering during weekend.,Success,0.063,Low
CHG-3369,Payments-Service,Deployment,Large,SRE,Off-Hours-Weekday,No,,18,0.21,0,No,Deployment on Payments-Service (large change) requested by SRE during off hours weekday.,Success,0.173,Medium
CHG-3370,Auth-Service,Security-Patch,Small,Backend,Peak-Hours,Yes,Yes,0,0.235,2,No,Security-Patch on Auth-Service (small change) requested by Backend during peak hours.,Success,0.248,Medium
CHG-3371,Website-Frontend,Deployment,Medium,Platform,Weekend,Yes,No,52,0.088,0,No,Deployment on Website-Frontend (medium change) requested by Platform during weekend.,Success,0.035,Low
CHG-3372,Notification-Service,Config-Update,Small,Data-Engineering,Off-Hours-Weekday,Yes,Yes,52,0.047,3,No,Config-Update on Notification-Service (small change) requested by Data-Engineering during off hours weekday.,Success,0.035,Low
CHG-3373,Search-Service,Infrastructure-Change,Large,Platform,Off-Hours-Weekday,Yes,No,34,0.185,1,No,Infrastructure-Change on Search-Service (large change) requested by Platform during off hours weekday.,Success,0.229,Medium
CHG-3374,Website-Frontend,Patch,Medium,Security,Peak-Hours,No,,4,0.183,1,Yes,Patch on Website-Frontend (medium change) requested by Security during peak hours.,Failed,0.583,High
CHG-3375,Inventory-API,Security-Patch,Small,DevOps,Business-Hours-Weekday,Yes,Yes,26,0.072,0,No,Security-Patch on Inventory-API (small change) requested by DevOps during business hours weekday.,Success,0.053,Low
CHG-3376,Payments-Service,Config-Update,Small,Platform,Off-Hours-Weekday,Yes,Yes,25,0.059,0,No,Config-Update on Payments-Service (small change) requested by Platform during off hours weekday.,Success,0.013,Low
CHG-3377,Search-Service,Infrastructure-Change,Small,Platform,Off-Hours-Weekday,Yes,Yes,37,0.108,1,No,Infrastructure-Change on Search-Service (small change) requested by Platform during off hours weekday.,Success,0.06,Low
CHG-3378,Notification-Service,Infrastructure-Change,Small,Backend,Weekend,Yes,Yes,44,0.122,3,No,Infrastructure-Change on Notification-Service (small change) requested by Backend during weekend.,Success,0.116,Low
CHG-3379,Auth-Service,Security-Patch,Large,Data-Engineering,Business-Hours-Weekday,No,,9,0.272,1,Yes,Security-Patch on Auth-Service (large change) requested by Data-Engineering during business hours weekday.,Failed,0.789,High
CHG-3380,Payments-Service,Database-Schema-Change,Medium,DevOps,Business-Hours-Weekday,No,,6,0.3,0,No,Database-Schema-Change on Payments-Service (medium change) requested by DevOps during business hours weekday.,Failed,0.594,High
CHG-3381,Search-Service,Security-Patch,Small,Backend,Business-Hours-Weekday,Yes,No,54,0.159,0,Yes,Security-Patch on Search-Service (small change) requested by Backend during business hours weekday.,Success,0.188,Medium
CHG-3382,Auth-Service,Config-Update,Small,Backend,Off-Hours-Weekday,Yes,No,45,0.063,1,Yes,Config-Update on Auth-Service (small change) requested by Backend during off hours weekday.,Success,0.072,Low
CHG-3383,Notification-Service,Database-Schema-Change,Small,Security,Business-Hours-Weekday,Yes,No,57,0.147,2,Yes,Database-Schema-Change on Notification-Service (small change) requested by Security during business hours weekday.,Success,0.476,High
CHG-3384,Payments-Service,Database-Schema-Change,Small,Backend,Business-Hours-Weekday,No,,22,0.187,0,Yes,Database-Schema-Change on Payments-Service (small change) requested by Backend during business hours weekday.,Failed,0.64,High
CHG-3385,Billing-DB,Database-Schema-Change,Medium,Backend,Weekend,Yes,Yes,24,0.13,0,No,Database-Schema-Change on Billing-DB (medium change) requested by Backend during weekend.,Success,0.056,Low
CHG-3386,Notification-Service,Config-Update,Large,SRE,Weekend,No,,59,0.075,2,No,Config-Update on Notification-Service (large change) requested by SRE during weekend.,Success,0.1,Low
CHG-3387,Reporting-DB,Infrastructure-Change,Medium,Data-Engineering,Peak-Hours,Yes,Yes,31,0.18,2,No,Infrastructure-Change on Reporting-DB (medium change) requested by Data-Engineering during peak hours.,Success,0.373,Medium
CHG-3388,Notification-Service,Security-Patch,Small,Data-Engineering,Business-Hours-Weekday,Yes,No,40,0.152,3,No,Security-Patch on Notification-Service (small change) requested by Data-Engineering during business hours weekday.,Success,0.296,Medium
CHG-3389,Search-Service,Deployment,Medium,Data-Engineering,Business-Hours-Weekday,Yes,Yes,47,0.203,1,Yes,Deployment on Search-Service (medium change) requested by Data-Engineering during business hours weekday.,Success,0.237,Medium
CHG-3390,Website-Frontend,Deployment,Medium,DevOps,Peak-Hours,No,,27,0.219,1,Yes,Deployment on Website-Frontend (medium change) requested by DevOps during peak hours.,Failed,0.623,High
CHG-3391,Search-Service,Security-Patch,Medium,SRE,Business-Hours-Weekday,Yes,No,15,0.021,1,Yes,Security-Patch on Search-Service (medium change) requested by SRE during business hours weekday.,Caused-Incident,0.327,Medium
CHG-3392,Inventory-API,Config-Update,Small,DevOps,Business-Hours-Weekday,Yes,No,28,0.182,2,Yes,Config-Update on Inventory-API (small change) requested by DevOps during business hours weekday.,Success,0.36,Medium
CHG-3393,Reporting-DB,Config-Update,Large,SRE,Business-Hours-Weekday,No,,35,0.111,1,Yes,Config-Update on Reporting-DB (large change) requested by SRE during business hours weekday.,Failed,0.412,High
CHG-3394,Website-Frontend,Security-Patch,Medium,Data-Engineering,Off-Hours-Weekday,No,,17,0.43,3,No,Security-Patch on Website-Frontend (medium change) requested by Data-Engineering during off hours weekday.,Failed,0.523,High
CHG-3395,Notification-Service,Deployment,Medium,Security,Business-Hours-Weekday,No,,10,0.111,0,Yes,Deployment on Notification-Service (medium change) requested by Security during business hours weekday.,Success,0.365,Medium
CHG-3396,Payments-Service,Deployment,Small,Data-Engineering,Business-Hours-Weekday,Yes,Yes,39,0.157,0,No,Deployment on Payments-Service (small change) requested by Data-Engineering during business hours weekday.,Success,0.072,Low
CHG-3397,Reporting-DB,Patch,Medium,Data-Engineering,Off-Hours-Weekday,Yes,No,27,0.212,0,Yes,Patch on Reporting-DB (medium change) requested by Data-Engineering during off hours weekday.,Success,0.087,Low
CHG-3398,Reporting-DB,Infrastructure-Change,Small,DevOps,Off-Hours-Weekday,Yes,No,46,0.175,1,No,Infrastructure-Change on Reporting-DB (small change) requested by DevOps during off hours weekday.,Success,0.058,Low
CHG-3399,Payments-Service,Security-Patch,Medium,DevOps,Business-Hours-Weekday,Yes,No,32,0.311,1,No,Security-Patch on Payments-Service (medium change) requested by DevOps during business hours weekday.,Success,0.2,Medium
CHG-3400,Reporting-DB,Security-Patch,Small,Backend,Business-Hours-Weekday,No,,34,0.25,1,No,Security-Patch on Reporting-DB (small change) requested by Backend during business hours weekday.,Success,0.266,Medium
CHG-3401,Inventory-API,Infrastructure-Change,Medium,SRE,Business-Hours-Weekday,Yes,Yes,0,0.072,2,No,Infrastructure-Change on Inventory-API (medium change) requested by SRE during business hours weekday.,Success,0.303,Medium
CHG-3402,Notification-Service,Config-Update,Small,Data-Engineering,Off-Hours-Weekday,Yes,Yes,55,0.128,1,Yes,Config-Update on Notification-Service (small change) requested by Data-Engineering during off hours weekday.,Success,0.046,Low
CHG-3403,Notification-Service,Security-Patch,Small,Backend,Off-Hours-Weekday,Yes,Yes,23,0.051,0,Yes,Security-Patch on Notification-Service (small change) requested by Backend during off hours weekday.,Success,0.058,Low
CHG-3404,Auth-Service,Infrastructure-Change,Large,Backend,Weekend,Yes,Yes,38,0.438,0,Yes,Infrastructure-Change on Auth-Service (large change) requested by Backend during weekend.,Caused-Incident,0.393,Medium
CHG-3405,Payments-Service,Deployment,Medium,DevOps,Business-Hours-Weekday,Yes,Yes,31,0.054,0,Yes,Deployment on Payments-Service (medium change) requested by DevOps during business hours weekday.,Success,0.149,Low
CHG-3406,Payments-Service,Deployment,Small,DevOps,Off-Hours-Weekday,Yes,No,43,0.027,1,No,Deployment on Payments-Service (small change) requested by DevOps during off hours weekday.,Success,0.051,Low
CHG-3407,Reporting-DB,Database-Schema-Change,Large,DevOps,Weekend,Yes,Yes,7,0.093,1,Yes,Database-Schema-Change on Reporting-DB (large change) requested by DevOps during weekend.,Caused-Incident,0.474,High
CHG-3408,Website-Frontend,Patch,Medium,Platform,Off-Hours-Weekday,Yes,Yes,20,0.291,2,No,Patch on Website-Frontend (medium change) requested by Platform during off hours weekday.,Success,0.065,Low
CHG-3409,Search-Service,Deployment,Small,DevOps,Off-Hours-Weekday,Yes,Yes,26,0.158,0,No,Deployment on Search-Service (small change) requested by DevOps during off hours weekday.,Success,0.011,Low
CHG-3410,Billing-DB,Infrastructure-Change,Small,SRE,Weekend,Yes,Yes,16,0.284,1,No,Infrastructure-Change on Billing-DB (small change) requested by SRE during weekend.,Success,0.087,Low
CHG-3411,Search-Service,Security-Patch,Medium,SRE,Business-Hours-Weekday,No,,20,0.235,2,No,Security-Patch on Search-Service (medium change) requested by SRE during business hours weekday.,Failed,0.476,High
CHG-3412,Inventory-API,Infrastructure-Change,Medium,Backend,Business-Hours-Weekday,Yes,Yes,11,0.036,0,No,Infrastructure-Change on Inventory-API (medium change) requested by Backend during business hours weekday.,Success,0.111,Low
CHG-3413,Inventory-API,Infrastructure-Change,Small,SRE,Peak-Hours,Yes,Yes,27,0.243,1,Yes,Infrastructure-Change on Inventory-API (small change) requested by SRE during peak hours.,Failed,0.415,High
CHG-3414,Billing-DB,Patch,Medium,SRE,Off-Hours-Weekday,Yes,No,14,0.08,1,No,Patch on Billing-DB (medium change) requested by SRE during off hours weekday.,Success,0.032,Low
CHG-3415,Auth-Service,Deployment,Medium,Security,Peak-Hours,Yes,No,26,0.092,2,No,Deployment on Auth-Service (medium change) requested by Security during peak hours.,Failed,0.225,Medium
CHG-3416,Auth-Service,Deployment,Small,Platform,Peak-Hours,Yes,Yes,56,0.138,3,No,Deployment on Auth-Service (small change) requested by Platform during peak hours.,Success,0.165,Medium
CHG-3417,Inventory-API,Config-Update,Small,Security,Weekend,No,,42,0.055,1,No,Config-Update on Inventory-API (small change) requested by Security during weekend.,Success,0.033,Low
CHG-3418,Inventory-API,Infrastructure-Change,Small,Data-Engineering,Business-Hours-Weekday,Yes,No,39,0.105,1,No,Infrastructure-Change on Inventory-API (small change) requested by Data-Engineering during business hours weekday.,Success,0.082,Low
CHG-3419,Website-Frontend,Infrastructure-Change,Large,SRE,Peak-Hours,Yes,No,54,0.13,0,No,Infrastructure-Change on Website-Frontend (large change) requested by SRE during peak hours.,Success,0.233,Medium
CHG-3420,Billing-DB,Infrastructure-Change,Small,DevOps,Business-Hours-Weekday,Yes,No,41,0.087,1,No,Infrastructure-Change on Billing-DB (small change) requested by DevOps during business hours weekday.,Success,0.2,Medium
CHG-3421,Search-Service,Security-Patch,Small,Platform,Peak-Hours,Yes,Yes,22,0.075,0,No,Security-Patch on Search-Service (small change) requested by Platform during peak hours.,Success,0.058,Low
CHG-3422,Inventory-API,Patch,Medium,SRE,Weekend,Yes,Yes,22,0.243,1,No,Patch on Inventory-API (medium change) requested by SRE during weekend.,Success,0.065,Low
CHG-3423,Website-Frontend,Patch,Medium,SRE,Peak-Hours,No,,46,0.286,1,No,Patch on Website-Frontend (medium change) requested by SRE during peak hours.,Failed,0.319,Medium
CHG-3424,Reporting-DB,Patch,Small,Platform,Business-Hours-Weekday,Yes,No,12,0.07,0,No,Patch on Reporting-DB (small change) requested by Platform during business hours weekday.,Success,0.061,Low
CHG-3425,Notification-Service,Patch,Medium,DevOps,Business-Hours-Weekday,No,,52,0.245,1,Yes,Patch on Notification-Service (medium change) requested by DevOps during business hours weekday.,Caused-Incident,0.424,High
CHG-3426,Inventory-API,Security-Patch,Medium,Security,Off-Hours-Weekday,Yes,No,47,0.101,0,No,Security-Patch on Inventory-API (medium change) requested by Security during off hours weekday.,Success,0.056,Low
CHG-3427,Inventory-API,Security-Patch,Small,Security,Business-Hours-Weekday,Yes,No,1,0.074,2,No,Security-Patch on Inventory-API (small change) requested by Security during business hours weekday.,Success,0.244,Medium
CHG-3428,Billing-DB,Config-Update,Small,Platform,Weekend,Yes,Yes,6,0.234,1,No,Config-Update on Billing-DB (small change) requested by Platform during weekend.,Success,0.047,Low
CHG-3429,Auth-Service,Security-Patch,Medium,Backend,Business-Hours-Weekday,No,,54,0.085,2,No,Security-Patch on Auth-Service (medium change) requested by Backend during business hours weekday.,Failed,0.331,Medium
CHG-3430,Reporting-DB,Infrastructure-Change,Medium,DevOps,Business-Hours-Weekday,Yes,Yes,43,0.341,1,No,Infrastructure-Change on Reporting-DB (medium change) requested by DevOps during business hours weekday.,Success,0.342,Medium
CHG-3431,Notification-Service,Patch,Medium,Backend,Business-Hours-Weekday,Yes,Yes,59,0.114,1,No,Patch on Notification-Service (medium change) requested by Backend during business hours weekday.,Success,0.067,Low
CHG-3432,Search-Service,Database-Schema-Change,Small,DevOps,Off-Hours-Weekday,No,,39,0.103,1,No,Database-Schema-Change on Search-Service (small change) requested by DevOps during off hours weekday.,Success,0.107,Low
CHG-3433,Auth-Service,Security-Patch,Large,DevOps,Business-Hours-Weekday,No,,19,0.105,1,No,Security-Patch on Auth-Service (large change) requested by DevOps during business hours weekday.,Failed,0.335,Medium
CHG-3434,Auth-Service,Config-Update,Medium,Data-Engineering,Business-Hours-Weekday,Yes,Yes,43,0.177,0,No,Config-Update on Auth-Service (medium change) requested by Data-Engineering during business hours weekday.,Success,0.043,Low
CHG-3435,Payments-Service,Security-Patch,Small,Platform,Peak-Hours,Yes,Yes,16,0.209,2,Yes,Security-Patch on Payments-Service (small change) requested by Platform during peak hours.,Success,0.565,High
CHG-3436,Payments-Service,Database-Schema-Change,Small,DevOps,Business-Hours-Weekday,Yes,No,33,0.353,1,Yes,Database-Schema-Change on Payments-Service (small change) requested by DevOps during business hours weekday.,Failed,0.643,High
CHG-3437,Inventory-API,Patch,Small,Data-Engineering,Weekend,Yes,Yes,56,0.157,1,No,Patch on Inventory-API (small change) requested by Data-Engineering during weekend.,Success,0.016,Low
CHG-3438,Auth-Service,Patch,Medium,Security,Peak-Hours,No,,58,0.068,0,Yes,Patch on Auth-Service (medium change) requested by Security during peak hours.,Success,0.318,Medium
CHG-3439,Billing-DB,Security-Patch,Small,Backend,Weekend,No,,41,0.35,0,Yes,Security-Patch on Billing-DB (small change) requested by Backend during weekend.,Failed,0.245,Medium
CHG-3440,Payments-Service,Config-Update,Large,DevOps,Off-Hours-Weekday,Yes,No,13,0.088,0,No,Config-Update on Payments-Service (large change) requested by DevOps during off hours weekday.,Success,0.087,Low
CHG-3441,Payments-Service,Deployment,Medium,Security,Off-Hours-Weekday,Yes,Yes,16,0.137,2,No,Deployment on Payments-Service (medium change) requested by Security during off hours weekday.,Success,0.066,Low
CHG-3442,Inventory-API,Deployment,Small,SRE,Business-Hours-Weekday,Yes,Yes,42,0.086,0,Yes,Deployment on Inventory-API (small change) requested by SRE during business hours weekday.,Success,0.086,Low
CHG-3443,Auth-Service,Deployment,Medium,Data-Engineering,Business-Hours-Weekday,Yes,Yes,59,0.179,1,No,Deployment on Auth-Service (medium change) requested by Data-Engineering during business hours weekday.,Success,0.077,Low
CHG-3444,Reporting-DB,Deployment,Medium,Backend,Weekend,Yes,No,48,0.456,1,No,Deployment on Reporting-DB (medium change) requested by Backend during weekend.,Failed,0.147,Low
CHG-3445,Website-Frontend,Security-Patch,Large,Security,Business-Hours-Weekday,Yes,Yes,35,0.145,1,No,Security-Patch on Website-Frontend (large change) requested by Security during business hours weekday.,Success,0.202,Medium
CHG-3446,Payments-Service,Deployment,Small,Security,Business-Hours-Weekday,Yes,Yes,7,0.393,1,Yes,Deployment on Payments-Service (small change) requested by Security during business hours weekday.,Success,0.467,High
CHG-3447,Reporting-DB,Deployment,Medium,DevOps,Business-Hours-Weekday,Yes,No,37,0.159,1,No,Deployment on Reporting-DB (medium change) requested by DevOps during business hours weekday.,Failed,0.135,Low
CHG-3448,Auth-Service,Infrastructure-Change,Medium,Data-Engineering,Business-Hours-Weekday,No,,48,0.271,2,No,Infrastructure-Change on Auth-Service (medium change) requested by Data-Engineering during business hours weekday.,Caused-Incident,0.397,Medium
CHG-3449,Reporting-DB,Config-Update,Small,Security,Business-Hours-Weekday,Yes,No,36,0.17,1,No,Config-Update on Reporting-DB (small change) requested by Security during business hours weekday.,Success,0.081,Low
CHG-3450,Reporting-DB,Deployment,Small,Platform,Peak-Hours,Yes,Yes,35,0.095,1,No,Deployment on Reporting-DB (small change) requested by Platform during peak hours.,Success,0.114,Low
CHG-3451,Payments-Service,Security-Patch,Small,Backend,Business-Hours-Weekday,Yes,No,23,0.091,1,No,Security-Patch on Payments-Service (small change) requested by Backend during business hours weekday.,Success,0.1,Low
CHG-3452,Auth-Service,Database-Schema-Change,Small,Backend,Business-Hours-Weekday,Yes,No,19,0.23,0,No,Database-Schema-Change on Auth-Service (small change) requested by Backend during business hours weekday.,Success,0.205,Medium
CHG-3453,Notification-Service,Patch,Large,Platform,Business-Hours-Weekday,No,,46,0.235,0,Yes,Patch on Notification-Service (large change) requested by Platform during business hours weekday.,Failed,0.436,High
CHG-3454,Website-Frontend,Deployment,Small,DevOps,Business-Hours-Weekday,No,,58,0.04,0,No,Deployment on Website-Frontend (small change) requested by DevOps during business hours weekday.,Success,0.036,Low
CHG-3455,Notification-Service,Patch,Medium,DevOps,Peak-Hours,Yes,Yes,15,0.293,3,No,Patch on Notification-Service (medium change) requested by DevOps during peak hours.,Failed,0.425,High
CHG-3456,Inventory-API,Database-Schema-Change,Large,SRE,Business-Hours-Weekday,Yes,Yes,22,0.041,0,Yes,Database-Schema-Change on Inventory-API (large change) requested by SRE during business hours weekday.,Failed,0.418,High
CHG-3457,Inventory-API,Security-Patch,Small,Platform,Off-Hours-Weekday,Yes,Yes,31,0.122,0,No,Security-Patch on Inventory-API (small change) requested by Platform during off hours weekday.,Success,0.02,Low
CHG-3458,Search-Service,Infrastructure-Change,Small,SRE,Business-Hours-Weekday,Yes,No,3,0.076,2,No,Infrastructure-Change on Search-Service (small change) requested by SRE during business hours weekday.,Success,0.255,Medium
CHG-3459,Auth-Service,Config-Update,Small,Backend,Off-Hours-Weekday,Yes,No,55,0.267,2,No,Config-Update on Auth-Service (small change) requested by Backend during off hours weekday.,Success,0.06,Low
CHG-3460,Inventory-API,Infrastructure-Change,Medium,Data-Engineering,Business-Hours-Weekday,Yes,No,39,0.218,2,No,Infrastructure-Change on Inventory-API (medium change) requested by Data-Engineering during business hours weekday.,Failed,0.297,Medium
CHG-3461,Website-Frontend,Database-Schema-Change,Small,DevOps,Off-Hours-Weekday,Yes,Yes,58,0.077,1,Yes,Database-Schema-Change on Website-Frontend (small change) requested by DevOps during off hours weekday.,Success,0.215,Medium
CHG-3462,Website-Frontend,Security-Patch,Medium,SRE,Business-Hours-Weekday,Yes,No,22,0.12,0,No,Security-Patch on Website-Frontend (medium change) requested by SRE during business hours weekday.,Success,0.079,Low
CHG-3463,Billing-DB,Deployment,Medium,DevOps,Peak-Hours,Yes,Yes,21,0.207,1,No,Deployment on Billing-DB (medium change) requested by DevOps during peak hours.,Success,0.179,Medium
CHG-3464,Reporting-DB,Patch,Small,SRE,Business-Hours-Weekday,Yes,No,57,0.167,1,No,Patch on Reporting-DB (small change) requested by SRE during business hours weekday.,Success,0.065,Low
CHG-3465,Auth-Service,Security-Patch,Small,DevOps,Off-Hours-Weekday,Yes,Yes,0,0.126,1,No,Security-Patch on Auth-Service (small change) requested by DevOps during off hours weekday.,Success,0.033,Low
CHG-3466,Payments-Service,Database-Schema-Change,Medium,Platform,Peak-Hours,Yes,No,31,0.172,1,No,Database-Schema-Change on Payments-Service (medium change) requested by Platform during peak hours.,Success,0.378,Medium
CHG-3467,Website-Frontend,Patch,Small,Data-Engineering,Business-Hours-Weekday,No,,1,0.303,0,No,Patch on Website-Frontend (small change) requested by Data-Engineering during business hours weekday.,Failed,0.187,Medium
CHG-3468,Billing-DB,Deployment,Small,Data-Engineering,Business-Hours-Weekday,Yes,No,9,0.136,0,Yes,Deployment on Billing-DB (small change) requested by Data-Engineering during business hours weekday.,Success,0.166,Medium
CHG-3469,Auth-Service,Patch,Small,Security,Off-Hours-Weekday,No,,30,0.257,1,Yes,Patch on Auth-Service (small change) requested by Security during off hours weekday.,Success,0.323,Medium
CHG-3470,Inventory-API,Deployment,Small,DevOps,Off-Hours-Weekday,Yes,No,16,0.097,1,No,Deployment on Inventory-API (small change) requested by DevOps during off hours weekday.,Success,0.056,Low
CHG-3471,Inventory-API,Patch,Small,Security,Off-Hours-Weekday,No,,59,0.161,2,Yes,Patch on Inventory-API (small change) requested by Security during off hours weekday.,Success,0.206,Medium
CHG-3472,Inventory-API,Patch,Medium,Data-Engineering,Business-Hours-Weekday,Yes,Yes,50,0.076,0,Yes,Patch on Inventory-API (medium change) requested by Data-Engineering during business hours weekday.,Success,0.068,Low
CHG-3473,Notification-Service,Deployment,Small,SRE,Business-Hours-Weekday,Yes,Yes,38,0.187,2,No,Deployment on Notification-Service (small change) requested by SRE during business hours weekday.,Success,0.068,Low
CHG-3474,Notification-Service,Patch,Small,Platform,Peak-Hours,Yes,No,57,0.147,1,Yes,Patch on Notification-Service (small change) requested by Platform during peak hours.,Success,0.251,Medium
CHG-3475,Inventory-API,Infrastructure-Change,Small,Security,Business-Hours-Weekday,Yes,Yes,13,0.226,1,No,Infrastructure-Change on Inventory-API (small change) requested by Security during business hours weekday.,Success,0.246,Medium
CHG-3476,Auth-Service,Security-Patch,Medium,DevOps,Business-Hours-Weekday,No,,59,0.269,0,No,Security-Patch on Auth-Service (medium change) requested by DevOps during business hours weekday.,Success,0.124,Low
CHG-3477,Inventory-API,Infrastructure-Change,Large,DevOps,Business-Hours-Weekday,Yes,Yes,25,0.1,1,Yes,Infrastructure-Change on Inventory-API (large change) requested by DevOps during business hours weekday.,Success,0.482,High
CHG-3478,Reporting-DB,Database-Schema-Change,Small,Security,Weekend,Yes,Yes,15,0.037,0,No,Database-Schema-Change on Reporting-DB (small change) requested by Security during weekend.,Success,0.036,Low
CHG-3479,Search-Service,Security-Patch,Medium,Security,Peak-Hours,Yes,No,47,0.236,2,No,Security-Patch on Search-Service (medium change) requested by Security during peak hours.,Failed,0.397,Medium
CHG-3480,Website-Frontend,Security-Patch,Medium,SRE,Business-Hours-Weekday,No,,39,0.117,0,Yes,Security-Patch on Website-Frontend (medium change) requested by SRE during business hours weekday.,Caused-Incident,0.465,High
CHG-3481,Website-Frontend,Security-Patch,Small,Backend,Weekend,Yes,No,1,0.16,2,No,Security-Patch on Website-Frontend (small change) requested by Backend during weekend.,Success,0.17,Medium
CHG-3482,Reporting-DB,Security-Patch,Small,Security,Business-Hours-Weekday,Yes,No,42,0.131,1,No,Security-Patch on Reporting-DB (small change) requested by Security during business hours weekday.,Success,0.056,Low
CHG-3483,Website-Frontend,Config-Update,Small,Security,Business-Hours-Weekday,Yes,No,54,0.246,0,No,Config-Update on Website-Frontend (small change) requested by Security during business hours weekday.,Success,0.05,Low
CHG-3484,Search-Service,Patch,Large,Data-Engineering,Off-Hours-Weekday,Yes,No,55,0.129,2,Yes,Patch on Search-Service (large change) requested by Data-Engineering during off hours weekday.,Success,0.277,Medium
CHG-3485,Auth-Service,Database-Schema-Change,Medium,SRE,Business-Hours-Weekday,Yes,Yes,7,0.171,2,No,Database-Schema-Change on Auth-Service (medium change) requested by SRE during business hours weekday.,Failed,0.402,High
CHG-3486,Payments-Service,Database-Schema-Change,Medium,Security,Weekend,Yes,No,31,0.157,1,No,Database-Schema-Change on Payments-Service (medium change) requested by Security during weekend.,Success,0.133,Low
CHG-3487,Payments-Service,Database-Schema-Change,Medium,Backend,Off-Hours-Weekday,Yes,Yes,19,0.091,1,No,Database-Schema-Change on Payments-Service (medium change) requested by Backend during off hours weekday.,Success,0.155,Medium
CHG-3488,Inventory-API,Patch,Medium,Data-Engineering,Peak-Hours,Yes,Yes,23,0.156,1,No,Patch on Inventory-API (medium change) requested by Data-Engineering during peak hours.,Success,0.147,Low
CHG-3489,Search-Service,Patch,Small,Platform,Off-Hours-Weekday,Yes,No,7,0.309,0,Yes,Patch on Search-Service (small change) requested by Platform during off hours weekday.,Success,0.197,Medium
CHG-3490,Search-Service,Infrastructure-Change,Large,Security,Off-Hours-Weekday,Yes,Yes,49,0.133,3,Yes,Infrastructure-Change on Search-Service (large change) requested by Security during off hours weekday.,Success,0.394,Medium
CHG-3491,Inventory-API,Patch,Small,Data-Engineering,Weekend,No,,21,0.063,0,Yes,Patch on Inventory-API (small change) requested by Data-Engineering during weekend.,Success,0.075,Low
CHG-3492,Auth-Service,Config-Update,Small,Platform,Peak-Hours,No,,44,0.116,0,No,Config-Update on Auth-Service (small change) requested by Platform during peak hours.,Failed,0.079,Low
CHG-3493,Search-Service,Security-Patch,Medium,Data-Engineering,Business-Hours-Weekday,Yes,Yes,12,0.064,2,Yes,Security-Patch on Search-Service (medium change) requested by Data-Engineering during business hours weekday.,Failed,0.302,Medium
CHG-3494,Auth-Service,Infrastructure-Change,Small,Backend,Off-Hours-Weekday,Yes,No,59,0.092,0,No,Infrastructure-Change on Auth-Service (small change) requested by Backend during off hours weekday.,Success,0.058,Low
CHG-3495,Payments-Service,Deployment,Large,Security,Business-Hours-Weekday,Yes,Yes,52,0.236,1,Yes,Deployment on Payments-Service (large change) requested by Security during business hours weekday.,Failed,0.378,Medium
CHG-3496,Search-Service,Database-Schema-Change,Medium,Data-Engineering,Business-Hours-Weekday,Yes,No,43,0.112,1,Yes,Database-Schema-Change on Search-Service (medium change) requested by Data-Engineering during business hours weekday.,Failed,0.537,High
CHG-3497,Billing-DB,Deployment,Medium,Security,Weekend,Yes,Yes,21,0.081,2,No,Deployment on Billing-DB (medium change) requested by Security during weekend.,Success,0.052,Low
CHG-3498,Inventory-API,Deployment,Small,Security,Off-Hours-Weekday,No,,9,0.109,1,Yes,Deployment on Inventory-API (small change) requested by Security during off hours weekday.,Success,0.274,Medium
CHG-3499,Website-Frontend,Deployment,Small,SRE,Business-Hours-Weekday,No,,31,0.233,1,No,Deployment on Website-Frontend (small change) requested by SRE during business hours weekday.,Success,0.284,Medium
CHG-3500,Payments-Service,Database-Schema-Change,Medium,SRE,Off-Hours-Weekday,Yes,Yes,21,0.089,2,Yes,Database-Schema-Change on Payments-Service (medium change) requested by SRE during off hours weekday.,Failed,0.259,Medium
CHG-3501,Search-Service,Config-Update,Small,Backend,Business-Hours-Weekday,No,,57,0.204,2,No,Config-Update on Search-Service (small change) requested by Backend during business hours weekday.,Failed,0.151,Medium
CHG-3502,Search-Service,Config-Update,Large,Data-Engineering,Off-Hours-Weekday,Yes,No,40,0.313,2,Yes,Config-Update on Search-Service (large change) requested by Data-Engineering during off hours weekday.,Failed,0.324,Medium
CHG-3503,Reporting-DB,Config-Update,Medium,DevOps,Peak-Hours,Yes,No,54,0.171,1,Yes,Config-Update on Reporting-DB (medium change) requested by DevOps during peak hours.,Success,0.236,Medium
CHG-3504,Search-Service,Database-Schema-Change,Small,SRE,Business-Hours-Weekday,Yes,Yes,47,0.391,4,No,Database-Schema-Change on Search-Service (small change) requested by SRE during business hours weekday.,Failed,0.538,High
CHG-3505,Payments-Service,Database-Schema-Change,Large,DevOps,Business-Hours-Weekday,No,,30,0.052,3,No,Database-Schema-Change on Payments-Service (large change) requested by DevOps during business hours weekday.,Failed,0.693,High
CHG-3506,Website-Frontend,Infrastructure-Change,Medium,SRE,Weekend,Yes,Yes,50,0.116,1,No,Infrastructure-Change on Website-Frontend (medium change) requested by SRE during weekend.,Success,0.046,Low
CHG-3507,Reporting-DB,Database-Schema-Change,Medium,Security,Off-Hours-Weekday,Yes,No,6,0.248,0,No,Database-Schema-Change on Reporting-DB (medium change) requested by Security during off hours weekday.,Success,0.171,Medium
CHG-3508,Inventory-API,Config-Update,Small,SRE,Business-Hours-Weekday,No,,19,0.039,3,No,Config-Update on Inventory-API (small change) requested by SRE during business hours weekday.,Success,0.211,Medium
CHG-3509,Reporting-DB,Security-Patch,Large,Security,Weekend,No,,8,0.244,0,No,Security-Patch on Reporting-DB (large change) requested by Security during weekend.,Success,0.216,Medium
CHG-3510,Payments-Service,Security-Patch,Small,Data-Engineering,Peak-Hours,No,,57,0.015,0,No,Security-Patch on Payments-Service (small change) requested by Data-Engineering during peak hours.,Success,0.06,Low
CHG-3511,Search-Service,Patch,Small,DevOps,Weekend,Yes,Yes,1,0.031,0,No,Patch on Search-Service (small change) requested by DevOps during weekend.,Success,0.018,Low
CHG-3512,Reporting-DB,Security-Patch,Medium,DevOps,Business-Hours-Weekday,Yes,Yes,25,0.22,0,Yes,Security-Patch on Reporting-DB (medium change) requested by DevOps during business hours weekday.,Success,0.259,Medium
CHG-3513,Notification-Service,Infrastructure-Change,Small,Security,Peak-Hours,Yes,Yes,11,0.5,1,No,Infrastructure-Change on Notification-Service (small change) requested by Security during peak hours.,Success,0.42,High
CHG-3514,Payments-Service,Infrastructure-Change,Small,Data-Engineering,Weekend,Yes,Yes,44,0.131,2,No,Infrastructure-Change on Payments-Service (small change) requested by Data-Engineering during weekend.,Success,0.073,Low
CHG-3515,Inventory-API,Database-Schema-Change,Small,Platform,Business-Hours-Weekday,Yes,No,54,0.5,0,No,Database-Schema-Change on Inventory-API (small change) requested by Platform during business hours weekday.,Failed,0.305,Medium
CHG-3516,Billing-DB,Config-Update,Medium,DevOps,Peak-Hours,Yes,Yes,22,0.03,1,No,Config-Update on Billing-DB (medium change) requested by DevOps during peak hours.,Success,0.064,Low
CHG-3517,Payments-Service,Infrastructure-Change,Small,Security,Off-Hours-Weekday,Yes,No,30,0.103,1,Yes,Infrastructure-Change on Payments-Service (small change) requested by Security during off hours weekday.,Success,0.26,Medium
CHG-3518,Auth-Service,Infrastructure-Change,Small,SRE,Weekend,Yes,Yes,52,0.123,2,No,Infrastructure-Change on Auth-Service (small change) requested by SRE during weekend.,Success,0.053,Low
CHG-3519,Notification-Service,Security-Patch,Medium,Data-Engineering,Business-Hours-Weekday,Yes,Yes,15,0.207,1,Yes,Security-Patch on Notification-Service (medium change) requested by Data-Engineering during business hours weekday.,Failed,0.475,High
CHG-3520,Inventory-API,Config-Update,Medium,Data-Engineering,Peak-Hours,Yes,Yes,11,0.207,2,No,Config-Update on Inventory-API (medium change) requested by Data-Engineering during peak hours.,Failed,0.231,Medium
CHG-3521,Search-Service,Config-Update,Small,DevOps,Off-Hours-Weekday,Yes,No,30,0.109,0,No,Config-Update on Search-Service (small change) requested by DevOps during off hours weekday.,Success,0.03,Low
CHG-3522,Search-Service,Database-Schema-Change,Medium,Backend,Off-Hours-Weekday,Yes,Yes,36,0.5,2,Yes,Database-Schema-Change on Search-Service (medium change) requested by Backend during off hours weekday.,Failed,0.642,High
CHG-3523,Reporting-DB,Config-Update,Medium,DevOps,Peak-Hours,No,,46,0.235,0,No,Config-Update on Reporting-DB (medium change) requested by DevOps during peak hours.,Failed,0.149,Low
CHG-3524,Billing-DB,Infrastructure-Change,Medium,DevOps,Peak-Hours,Yes,Yes,32,0.099,1,No,Infrastructure-Change on Billing-DB (medium change) requested by DevOps during peak hours.,Success,0.25,Medium
CHG-3525,Inventory-API,Security-Patch,Large,Security,Business-Hours-Weekday,No,,11,0.2,1,No,Security-Patch on Inventory-API (large change) requested by Security during business hours weekday.,Caused-Incident,0.569,High
CHG-3526,Notification-Service,Database-Schema-Change,Small,Data-Engineering,Weekend,No,,39,0.092,1,No,Database-Schema-Change on Notification-Service (small change) requested by Data-Engineering during weekend.,Success,0.119,Low
CHG-3527,Notification-Service,Config-Update,Small,Platform,Weekend,Yes,Yes,37,0.06,1,No,Config-Update on Notification-Service (small change) requested by Platform during weekend.,Success,0.015,Low
CHG-3528,Payments-Service,Patch,Small,Security,Business-Hours-Weekday,Yes,No,54,0.06,0,Yes,Patch on Payments-Service (small change) requested by Security during business hours weekday.,Success,0.065,Low
CHG-3529,Billing-DB,Deployment,Medium,SRE,Off-Hours-Weekday,No,,42,0.072,1,No,Deployment on Billing-DB (medium change) requested by SRE during off hours weekday.,Success,0.084,Low
CHG-3530,Search-Service,Database-Schema-Change,Medium,Data-Engineering,Peak-Hours,Yes,Yes,57,0.182,0,No,Database-Schema-Change on Search-Service (medium change) requested by Data-Engineering during peak hours.,Failed,0.126,Low
CHG-3531,Inventory-API,Database-Schema-Change,Medium,Backend,Off-Hours-Weekday,No,,56,0.214,0,No,Database-Schema-Change on Inventory-API (medium change) requested by Backend during off hours weekday.,Success,0.115,Low
CHG-3532,Reporting-DB,Deployment,Small,Backend,Business-Hours-Weekday,Yes,No,46,0.076,1,Yes,Deployment on Reporting-DB (small change) requested by Backend during business hours weekday.,Success,0.255,Medium
CHG-3533,Auth-Service,Infrastructure-Change,Small,Data-Engineering,Off-Hours-Weekday,Yes,No,37,0.061,3,No,Infrastructure-Change on Auth-Service (small change) requested by Data-Engineering during off hours weekday.,Success,0.18,Medium
CHG-3534,Inventory-API,Config-Update,Large,Backend,Weekend,Yes,No,25,0.307,1,No,Config-Update on Inventory-API (large change) requested by Backend during weekend.,Success,0.079,Low
CHG-3535,Inventory-API,Infrastructure-Change,Small,Security,Peak-Hours,Yes,No,45,0.071,2,No,Infrastructure-Change on Inventory-API (small change) requested by Security during peak hours.,Success,0.271,Medium
CHG-3536,Billing-DB,Config-Update,Small,Security,Off-Hours-Weekday,No,,24,0.139,2,Yes,Config-Update on Billing-DB (small change) requested by Security during off hours weekday.,Success,0.211,Medium
CHG-3537,Website-Frontend,Deployment,Medium,Platform,Business-Hours-Weekday,Yes,No,4,0.072,0,Yes,Deployment on Website-Frontend (medium change) requested by Platform during business hours weekday.,Success,0.252,Medium
CHG-3538,Inventory-API,Config-Update,Large,Security,Business-Hours-Weekday,Yes,No,4,0.278,1,Yes,Config-Update on Inventory-API (large change) requested by Security during business hours weekday.,Failed,0.433,High
CHG-3539,Website-Frontend,Deployment,Small,SRE,Business-Hours-Weekday,Yes,No,56,0.086,1,No,Deployment on Website-Frontend (small change) requested by SRE during business hours weekday.,Success,0.114,Low
CHG-3540,Payments-Service,Patch,Small,Backend,Business-Hours-Weekday,Yes,No,41,0.149,1,Yes,Patch on Payments-Service (small change) requested by Backend during business hours weekday.,Success,0.212,Medium
CHG-3541,Auth-Service,Deployment,Small,Security,Weekend,Yes,Yes,17,0.162,1,No,Deployment on Auth-Service (small change) requested by Security during weekend.,Success,0.037,Low
CHG-3542,Billing-DB,Database-Schema-Change,Large,Data-Engineering,Off-Hours-Weekday,Yes,Yes,12,0.144,3,No,Database-Schema-Change on Billing-DB (large change) requested by Data-Engineering during off hours weekday.,Failed,0.555,High
CHG-3543,Auth-Service,Security-Patch,Small,SRE,Business-Hours-Weekday,Yes,Yes,53,0.165,0,No,Security-Patch on Auth-Service (small change) requested by SRE during business hours weekday.,Success,0.033,Low
CHG-3544,Search-Service,Patch,Medium,Security,Business-Hours-Weekday,No,,48,0.044,1,No,Patch on Search-Service (medium change) requested by Security during business hours weekday.,Failed,0.106,Low
CHG-3545,Notification-Service,Deployment,Medium,SRE,Weekend,Yes,Yes,18,0.204,2,Yes,Deployment on Notification-Service (medium change) requested by SRE during weekend.,Success,0.324,Medium
CHG-3546,Payments-Service,Patch,Medium,SRE,Business-Hours-Weekday,Yes,No,18,0.147,2,Yes,Patch on Payments-Service (medium change) requested by SRE during business hours weekday.,Failed,0.448,High
CHG-3547,Payments-Service,Config-Update,Large,Platform,Business-Hours-Weekday,Yes,Yes,31,0.239,0,Yes,Config-Update on Payments-Service (large change) requested by Platform during business hours weekday.,Success,0.272,Medium
CHG-3548,Payments-Service,Config-Update,Small,DevOps,Business-Hours-Weekday,No,,8,0.348,2,Yes,Config-Update on Payments-Service (small change) requested by DevOps during business hours weekday.,Failed,0.669,High
CHG-3549,Website-Frontend,Database-Schema-Change,Large,SRE,Business-Hours-Weekday,Yes,Yes,11,0.212,1,No,Database-Schema-Change on Website-Frontend (large change) requested by SRE during business hours weekday.,Failed,0.357,Medium
CHG-3550,Payments-Service,Security-Patch,Small,DevOps,Off-Hours-Weekday,Yes,Yes,30,0.041,0,No,Security-Patch on Payments-Service (small change) requested by DevOps during off hours weekday.,Success,0.015,Low
CHG-3551,Payments-Service,Deployment,Small,DevOps,Business-Hours-Weekday,Yes,Yes,20,0.437,1,No,Deployment on Payments-Service (small change) requested by DevOps during business hours weekday.,Success,0.182,Medium
CHG-3552,Billing-DB,Config-Update,Small,SRE,Business-Hours-Weekday,No,,12,0.047,1,No,Config-Update on Billing-DB (small change) requested by SRE during business hours weekday.,Success,0.168,Medium
CHG-3553,Notification-Service,Infrastructure-Change,Medium,Data-Engineering,Weekend,Yes,No,48,0.04,1,No,Infrastructure-Change on Notification-Service (medium change) requested by Data-Engineering during weekend.,Success,0.095,Low
CHG-3554,Auth-Service,Security-Patch,Medium,SRE,Business-Hours-Weekday,Yes,No,21,0.104,2,No,Security-Patch on Auth-Service (medium change) requested by SRE during business hours weekday.,Success,0.19,Medium
CHG-3555,Notification-Service,Config-Update,Large,DevOps,Off-Hours-Weekday,No,,9,0.279,0,No,Config-Update on Notification-Service (large change) requested by DevOps during off hours weekday.,Success,0.123,Low
CHG-3556,Billing-DB,Patch,Medium,Platform,Weekend,Yes,Yes,12,0.054,1,Yes,Patch on Billing-DB (medium change) requested by Platform during weekend.,Success,0.103,Low
CHG-3557,Billing-DB,Patch,Large,Platform,Weekend,Yes,No,34,0.182,1,No,Patch on Billing-DB (large change) requested by Platform during weekend.,Success,0.065,Low
CHG-3558,Inventory-API,Security-Patch,Small,Backend,Business-Hours-Weekday,No,,35,0.374,2,No,Security-Patch on Inventory-API (small change) requested by Backend during business hours weekday.,Failed,0.477,High
CHG-3559,Search-Service,Database-Schema-Change,Large,Platform,Off-Hours-Weekday,Yes,No,20,0.057,1,No,Database-Schema-Change on Search-Service (large change) requested by Platform during off hours weekday.,Caused-Incident,0.2,Medium
CHG-3560,Inventory-API,Database-Schema-Change,Medium,SRE,Business-Hours-Weekday,Yes,No,45,0.162,0,No,Database-Schema-Change on Inventory-API (medium change) requested by SRE during business hours weekday.,Failed,0.261,Medium
CHG-3561,Website-Frontend,Infrastructure-Change,Small,Platform,Peak-Hours,Yes,Yes,47,0.104,2,No,Infrastructure-Change on Website-Frontend (small change) requested by Platform during peak hours.,Success,0.208,Medium
CHG-3562,Billing-DB,Database-Schema-Change,Medium,Data-Engineering,Weekend,Yes,Yes,30,0.32,0,No,Database-Schema-Change on Billing-DB (medium change) requested by Data-Engineering during weekend.,Success,0.206,Medium
CHG-3563,Inventory-API,Patch,Small,Backend,Off-Hours-Weekday,Yes,No,48,0.208,0,No,Patch on Inventory-API (small change) requested by Backend during off hours weekday.,Success,0.022,Low
CHG-3564,Website-Frontend,Database-Schema-Change,Small,DevOps,Business-Hours-Weekday,Yes,Yes,53,0.215,1,No,Database-Schema-Change on Website-Frontend (small change) requested by DevOps during business hours weekday.,Success,0.13,Low
CHG-3565,Billing-DB,Security-Patch,Small,Platform,Peak-Hours,Yes,Yes,56,0.143,1,No,Security-Patch on Billing-DB (small change) requested by Platform during peak hours.,Success,0.105,Low
CHG-3566,Auth-Service,Patch,Large,Security,Off-Hours-Weekday,No,,24,0.191,0,Yes,Patch on Auth-Service (large change) requested by Security during off hours weekday.,Success,0.366,Medium
CHG-3567,Search-Service,Deployment,Small,Platform,Off-Hours-Weekday,Yes,Yes,56,0.093,2,No,Deployment on Search-Service (small change) requested by Platform during off hours weekday.,Success,0.049,Low
CHG-3568,Billing-DB,Security-Patch,Medium,Data-Engineering,Business-Hours-Weekday,Yes,No,42,0.113,1,No,Security-Patch on Billing-DB (medium change) requested by Data-Engineering during business hours weekday.,Success,0.105,Low
CHG-3569,Reporting-DB,Patch,Medium,Platform,Business-Hours-Weekday,No,,47,0.134,0,Yes,Patch on Reporting-DB (medium change) requested by Platform during business hours weekday.,Failed,0.336,Medium
CHG-3570,Payments-Service,Patch,Medium,Platform,Business-Hours-Weekday,Yes,Yes,0,0.325,0,No,Patch on Payments-Service (medium change) requested by Platform during business hours weekday.,Success,0.139,Low
CHG-3571,Billing-DB,Infrastructure-Change,Medium,Backend,Weekend,Yes,Yes,38,0.126,1,No,Infrastructure-Change on Billing-DB (medium change) requested by Backend during weekend.,Success,0.06,Low
CHG-3572,Billing-DB,Config-Update,Medium,Backend,Off-Hours-Weekday,Yes,No,38,0.281,2,No,Config-Update on Billing-DB (medium change) requested by Backend during off hours weekday.,Failed,0.154,Medium
CHG-3573,Website-Frontend,Database-Schema-Change,Small,Backend,Business-Hours-Weekday,Yes,Yes,51,0.116,1,Yes,Database-Schema-Change on Website-Frontend (small change) requested by Backend during business hours weekday.,Success,0.307,Medium
CHG-3574,Auth-Service,Config-Update,Small,Platform,Weekend,Yes,Yes,19,0.266,1,No,Config-Update on Auth-Service (small change) requested by Platform during weekend.,Success,0.063,Low
CHG-3575,Search-Service,Patch,Medium,SRE,Off-Hours-Weekday,Yes,No,25,0.087,2,Yes,Patch on Search-Service (medium change) requested by SRE during off hours weekday.,Success,0.274,Medium
CHG-3576,Inventory-API,Deployment,Small,Security,Business-Hours-Weekday,Yes,No,43,0.451,1,Yes,Deployment on Inventory-API (small change) requested by Security during business hours weekday.,Caused-Incident,0.451,High
CHG-3577,Payments-Service,Infrastructure-Change,Medium,Data-Engineering,Off-Hours-Weekday,Yes,No,19,0.014,0,Yes,Infrastructure-Change on Payments-Service (medium change) requested by Data-Engineering during off hours weekday.,Success,0.157,Medium
CHG-3578,Search-Service,Patch,Medium,DevOps,Off-Hours-Weekday,Yes,Yes,25,0.04,1,Yes,Patch on Search-Service (medium change) requested by DevOps during off hours weekday.,Success,0.066,Low
CHG-3579,Payments-Service,Security-Patch,Small,Security,Weekend,Yes,No,48,0.182,0,No,Security-Patch on Payments-Service (small change) requested by Security during weekend.,Success,0.048,Low
CHG-3580,Website-Frontend,Patch,Medium,SRE,Off-Hours-Weekday,Yes,Yes,45,0.172,0,No,Patch on Website-Frontend (medium change) requested by SRE during off hours weekday.,Success,0.033,Low
CHG-3581,Search-Service,Infrastructure-Change,Large,DevOps,Business-Hours-Weekday,Yes,Yes,46,0.101,0,Yes,Infrastructure-Change on Search-Service (large change) requested by DevOps during business hours weekday.,Failed,0.253,Medium
CHG-3582,Payments-Service,Config-Update,Small,DevOps,Weekend,Yes,No,39,0.255,3,Yes,Config-Update on Payments-Service (small change) requested by DevOps during weekend.,Success,0.21,Medium
CHG-3583,Billing-DB,Database-Schema-Change,Small,Platform,Off-Hours-Weekday,No,,35,0.097,1,No,Database-Schema-Change on Billing-DB (small change) requested by Platform during off hours weekday.,Success,0.169,Medium
CHG-3584,Auth-Service,Deployment,Medium,Data-Engineering,Business-Hours-Weekday,Yes,No,33,0.161,0,Yes,Deployment on Auth-Service (medium change) requested by Data-Engineering during business hours weekday.,Success,0.254,Medium
CHG-3585,Notification-Service,Config-Update,Medium,Platform,Peak-Hours,No,,54,0.091,0,No,Config-Update on Notification-Service (medium change) requested by Platform during peak hours.,Success,0.093,Low
CHG-3586,Search-Service,Database-Schema-Change,Small,DevOps,Business-Hours-Weekday,Yes,No,24,0.105,1,No,Database-Schema-Change on Search-Service (small change) requested by DevOps during business hours weekday.,Success,0.205,Medium
CHG-3587,Notification-Service,Patch,Small,Data-Engineering,Business-Hours-Weekday,Yes,No,38,0.085,3,No,Patch on Notification-Service (small change) requested by Data-Engineering during business hours weekday.,Success,0.111,Low
CHG-3588,Auth-Service,Config-Update,Small,Backend,Business-Hours-Weekday,Yes,No,35,0.409,1,No,Config-Update on Auth-Service (small change) requested by Backend during business hours weekday.,Success,0.187,Medium
CHG-3589,Inventory-API,Config-Update,Small,Security,Business-Hours-Weekday,Yes,No,24,0.12,2,No,Config-Update on Inventory-API (small change) requested by Security during business hours weekday.,Success,0.185,Medium
CHG-3590,Notification-Service,Security-Patch,Small,DevOps,Off-Hours-Weekday,Yes,Yes,29,0.141,1,No,Security-Patch on Notification-Service (small change) requested by DevOps during off hours weekday.,Success,0.029,Low
CHG-3591,Website-Frontend,Deployment,Small,SRE,Off-Hours-Weekday,No,,10,0.089,1,No,Deployment on Website-Frontend (small change) requested by SRE during off hours weekday.,Success,0.071,Low
CHG-3592,Billing-DB,Security-Patch,Medium,Backend,Weekend,Yes,Yes,24,0.156,1,No,Security-Patch on Billing-DB (medium change) requested by Backend during weekend.,Success,0.072,Low
CHG-3593,Billing-DB,Infrastructure-Change,Large,Backend,Weekend,Yes,Yes,22,0.096,0,Yes,Infrastructure-Change on Billing-DB (large change) requested by Backend during weekend.,Success,0.125,Low
CHG-3594,Search-Service,Config-Update,Small,Platform,Business-Hours-Weekday,No,,4,0.049,0,No,Config-Update on Search-Service (small change) requested by Platform during business hours weekday.,Success,0.084,Low
CHG-3595,Auth-Service,Database-Schema-Change,Medium,Backend,Business-Hours-Weekday,Yes,Yes,22,0.014,1,Yes,Database-Schema-Change on Auth-Service (medium change) requested by Backend during business hours weekday.,Failed,0.37,Medium
CHG-3596,Notification-Service,Security-Patch,Large,SRE,Business-Hours-Weekday,Yes,Yes,23,0.169,1,No,Security-Patch on Notification-Service (large change) requested by SRE during business hours weekday.,Success,0.178,Medium
CHG-3597,Inventory-API,Security-Patch,Medium,Data-Engineering,Peak-Hours,Yes,Yes,16,0.135,2,No,Security-Patch on Inventory-API (medium change) requested by Data-Engineering during peak hours.,Success,0.199,Medium
CHG-3598,Search-Service,Database-Schema-Change,Small,DevOps,Off-Hours-Weekday,Yes,No,29,0.253,1,No,Database-Schema-Change on Search-Service (small change) requested by DevOps during off hours weekday.,Success,0.17,Medium
CHG-3599,Auth-Service,Database-Schema-Change,Medium,DevOps,Business-Hours-Weekday,No,,23,0.089,2,No,Database-Schema-Change on Auth-Service (medium change) requested by DevOps during business hours weekday.,Failed,0.507,High
